{
  "train_logistic": {
    "r": 0.931828128546783,
    "r2": 0.8683036611509999
  },
  "test_lorenz": {
    "r": NaN,
    "r2": -1.5155383159805762e+35
  },
  "test_harmonic": {
    "r": NaN,
    "r2": 0.0
  }
}