{
  "real_mean_auc": 0.9875,
  "real_std_auc": 0.024999999999999998,
  "perm_mean_auc": 0.46018749999999997,
  "perm_std_auc": 0.14487239805687624,
  "effect_size": 0.5273125000000001
}