{
  "harmonic": {
    "lambda_true": 0.0,
    "phi_dyn": 4.9997459625463614e-05,
    "phi_inv": 4.2080413551299566e-05,
    "phi_inv_norm": 2.1040206775649783e-05
  },
  "logistic": {
    "lambda_true": 0.49,
    "phi_dyn": -0.000686527700620176,
    "phi_inv": -0.5017507316419598,
    "phi_inv_norm": -0.5017507316419598
  },
  "lorenz": {
    "lambda_true": 0.905,
    "phi_dyn": 0.0023924138456375777,
    "phi_inv": 0.0002558335976944902,
    "phi_inv_norm": 8.527786589816341e-05
  }
}