{
  "parameter_names": [
    "L",
    "k0",
    "beta",
    "b"
  ],
  "original_params": [
    3.1010402921500693,
    6.904169695916213,
    0.24296180136856213,
    0.17044260842859393
  ],
  "covariance_matrix": [
    [
      0.039098331612822765,
      -0.08966341041669047,
      -0.0022666213759577405,
      -0.037690993979349746
    ],
    [
      -0.08966341041669047,
      0.24383843853722015,
      0.004396561039412376,
      0.08913490273887055
    ],
    [
      -0.0022666213759577405,
      0.004396561039412376,
      0.00017726488064849632,
      0.002136281591582055
    ],
    [
      -0.037690993979349746,
      0.08913490273887055,
      0.002136281591582055,
      0.03660235412005273
    ]
  ],
  "correlation_matrix": [
    [
      1.0,
      -0.9183009981879408,
      -0.8609709853166428,
      -0.9963317465217549
    ],
    [
      -0.9183009981879406,
      1.0,
      0.6687297919074032,
      0.9435006450808471
    ],
    [
      -0.8609709853166427,
      0.6687297919074032,
      0.9999999999999999,
      0.8386729536122138
    ],
    [
      -0.9963317465217549,
      0.9435006450808471,
      0.8386729536122137,
      0.9999999999999999
    ]
  ],
  "confidence_intervals": {
    "lower": [
      2.7710733563655827,
      5.776166095162765,
      0.21812083525427517,
      -0.2617898294352944
    ],
    "upper": [
      3.5503580745994405,
      7.713398233459544,
      0.27165053808678447,
      0.48299731909148447
    ]
  },
  "convergence_rate": 0.974,
  "failed_fit_rate": 0.0
}