{
  "base": {
    "identity": {
      "F": 0.0005,
      "DET": 1.0
    },
    "tanh": {
      "F": 0.000535,
      "DET": 0.9345794392523364
    },
    "relu": {
      "F": 0.0005,
      "DET": 1.0
    },
    "softplus": {
      "F": 0.0005,
      "DET": 1.0
    }
  },
  "composed": {
    "tanh_relu": {
      "F": 0.000535,
      "DET": 0.9345794392523364
    },
    "relu_tanh": {
      "F": 0.000535,
      "DET": 0.9345794392523364
    },
    "softplus_tanh": {
      "F": 0.00092,
      "DET": 0.5445652173913044
    },
    "tanh_softplus": {
      "F": 0.0043145,
      "DET": 0.12353691041835671
    }
  },
  "additivity_test": {
    "tanh_relu": {
      "delta_F": -0.0004999999999999999,
      "delta_DET": -1.0
    },
    "relu_tanh": {
      "delta_F": -0.0004999999999999999,
      "delta_DET": -1.0
    },
    "softplus_tanh": {
      "delta_F": -0.00011499999999999987,
      "delta_DET": -1.390014221861032
    },
    "tanh_softplus": {
      "delta_F": 0.0032795,
      "delta_DET": -1.8110425288339798
    }
  }
}