{
  "num_models": 12,
  "correlations": {
    "pearson_r": 0.9036836136636719,
    "pearson_p": 5.542793286144013e-05,
    "spearman_r": 0.9237820983279265,
    "spearman_p": 1.7805434671899975e-05
  },
  "monotonicity": 0.6363636363636364,
  "summary": {
    "C_mean": 17877.133333333335,
    "C_std": 3464.8175407307604,
    "F_mean": 1.6975,
    "F_std": 0.08053208470334461
  }
}