{
  "mean_silhouette": 0.29813668331369964,
  "mean_trans_rate": 0.41810872688201106,
  "mean_dwell": 2.399772736424567,
  "verdict": "NO_CLEAR_STATE_STRUCTURE"
}