{
  "subjects": 4,
  "mean_r2": 0.969,
  "mean_slope": 1.046,
  "verdict": "COUPLED_SCALING_PRESENT",
  "details": [
    {
      "file": "chb01_04.edf",
      "slope": 1.0449561769541376,
      "r2": 0.9852225666999488
    },
    {
      "file": "chb02_01.edf",
      "slope": 1.0425138005633054,
      "r2": 0.9730009018919542
    },
    {
      "file": "chb03_01.edf",
      "slope": 1.0364515446100833,
      "r2": 0.9703163493618705
    },
    {
      "file": "chb04_01.edf",
      "slope": 1.0595465412915268,
      "r2": 0.9490591429250751
    }
  ]
}