{
  "layer_0": {
    "lambda": [
      0.0,
      0.1,
      0.2,
      0.30000000000000004,
      0.4,
      0.5,
      0.6000000000000001,
      0.7000000000000001,
      0.8,
      0.9,
      1.0,
      1.1,
      1.2000000000000002,
      1.3,
      1.4000000000000001,
      1.5,
      1.6,
      1.7000000000000002,
      1.8,
      1.9000000000000001,
      2.0
    ],
    "alpha": [
      0.0,
      19.892077812940542,
      19.892018049605724,
      19.899219097004597,
      19.899020586599413,
      19.90871447689933,
      19.91766739210485,
      19.929140128531138,
      19.938770477819663,
      19.98294719751107,
      20.001153312913377,
      20.0762516755205,
      20.167506072967406,
      20.251445484771775,
      20.35624686230365,
      20.398963419068846,
      20.375394591693023,
      20.35703676289335,
      20.32009971276489,
      20.335217952141925,
      20.42390699349964
    ],
    "det": [
      0.0,
      0.9570247933884297,
      0.9570247933884297,
      0.9537190082644628,
      0.9553719008264463,
      0.9520661157024793,
      0.9619834710743802,
      0.9586776859504132,
      0.9586776859504132,
      0.9570247933884297,
      0.9586776859504132,
      0.9520661157024793,
      0.9553719008264463,
      0.9520661157024793,
      0.9586776859504132,
      0.9570247933884297,
      0.9520661157024793,
      0.947107438016529,
      0.9487603305785124,
      0.9504132231404959,
      0.9570247933884297
    ],
    "d_alpha": [
      198.92077812940542,
      99.4600902480286,
      0.03570642032026683,
      0.03501268496843579,
      0.04747689947366496,
      0.09323402752720256,
      0.10212825815901283,
      0.1055154285740656,
      0.2690353448996632,
      0.3119141754685728,
      0.46652239004716023,
      0.8317638002701386,
      0.8759690462563867,
      0.9437039466812109,
      0.7375896714853667,
      0.09573864694685597,
      -0.20963328087746902,
      -0.27647439464065826,
      -0.10909405375714698,
      0.5190364036737662,
      0.8868904135771428
    ],
    "d_det": [
      9.570247933884296,
      4.785123966942148,
      -0.0165289256198351,
      -0.008264462809917994,
      -0.008264462809917106,
      0.0330578512396702,
      0.03305785123966931,
      -0.0165289256198351,
      -0.008264462809917994,
      0.0,
      -0.024793388429751317,
      -0.01652892561983421,
      8.881784197001252e-16,
      0.01652892561983421,
      0.024793388429753094,
      -0.03305785123967109,
      -0.04958677685950352,
      -0.016528925619833323,
      0.016528925619833323,
      0.041322314049587305,
      0.06611570247933804
    ]
  },
  "layer_1": {
    "lambda": [
      0.0,
      0.1,
      0.2,
      0.30000000000000004,
      0.4,
      0.5,
      0.6000000000000001,
      0.7000000000000001,
      0.8,
      0.9,
      1.0,
      1.1,
      1.2000000000000002,
      1.3,
      1.4000000000000001,
      1.5,
      1.6,
      1.7000000000000002,
      1.8,
      1.9000000000000001,
      2.0
    ],
    "alpha": [
      0.0,
      15.144743221684879,
      15.145614324152303,
      15.146738540697102,
      15.145378722207814,
      15.148073387856028,
      15.156201255707987,
      15.163098332690112,
      15.170244958067146,
      15.166712566440848,
      15.16962540552737,
      15.174135004732948,
      15.179924784902814,
      15.181728931102374,
      15.183732769343358,
      15.196187385112895,
      15.198746912840686,
      15.20298675280006,
      15.20575041312635,
      15.21344661726988,
      15.220111285753596
    ],
    "det": [
      0.0,
      0.9190082644628099,
      0.9190082644628099,
      0.9190082644628099,
      0.9173553719008265,
      0.915702479338843,
      0.915702479338843,
      0.9190082644628099,
      0.9206611570247933,
      0.9223140495867769,
      0.9190082644628099,
      0.9190082644628099,
      0.9223140495867769,
      0.9256198347107438,
      0.9289256198347108,
      0.9190082644628099,
      0.9223140495867769,
      0.9223140495867769,
      0.9239669421487603,
      0.9206611570247933,
      0.9190082644628099
    ],
    "d_alpha": [
      151.44743221684877,
      75.7280716207615,
      0.009976595061104376,
      -0.001178009722451634,
      0.006674235794619676,
      0.05411266750087407,
      0.07512472417040783,
      0.07021851179580096,
      0.018071168753678535,
      -0.003097762698885731,
      0.03711219146050837,
      0.05149689687722514,
      0.03796963184714741,
      0.019039922202708226,
      0.07229227005261407,
      0.07507071748662497,
      0.033996838435825794,
      0.035017501428328046,
      0.05229932234909995,
      0.07180436313625194,
      0.06664668483715283
    ],
    "d_det": [
      9.190082644628099,
      4.5950413223140485,
      -8.881784197001252e-16,
      -0.008264462809917106,
      -0.0165289256198351,
      -0.008264462809917994,
      0.0165289256198351,
      0.024793388429752206,
      0.0165289256198351,
      -0.008264462809917106,
      -0.0165289256198351,
      0.01652892561983421,
      0.0330578512396702,
      0.03305785123966842,
      -0.03305785123966842,
      -0.0330578512396702,
      0.01652892561983421,
      0.008264462809917994,
      -0.008264462809918882,
      -0.024793388429751317,
      -0.016528925619834232
    ]
  },
  "layer_2": {
    "lambda": [
      0.0,
      0.1,
      0.2,
      0.30000000000000004,
      0.4,
      0.5,
      0.6000000000000001,
      0.7000000000000001,
      0.8,
      0.9,
      1.0,
      1.1,
      1.2000000000000002,
      1.3,
      1.4000000000000001,
      1.5,
      1.6,
      1.7000000000000002,
      1.8,
      1.9000000000000001,
      2.0
    ],
    "alpha": [
      0.0,
      10.268707838538427,
      10.268108704839625,
      10.266986551572495,
      10.266381124013291,
      10.264734059463548,
      10.262984477560723,
      10.262115613732776,
      10.259512777993372,
      10.254306689216877,
      10.251743769920036,
      10.247996924021455,
      10.24331025556605,
      10.237627666995605,
      10.23332013701586,
      10.229089524737528,
      10.225328454868338,
      10.21879956380289,
      10.212769703472894,
      10.206338406669579,
      10.200799744953887
    ],
    "det": [
      0.0,
      0.915702479338843,
      0.915702479338843,
      0.915702479338843,
      0.915702479338843,
      0.915702479338843,
      0.915702479338843,
      0.915702479338843,
      0.9190082644628099,
      0.9173553719008265,
      0.9173553719008265,
      0.9206611570247933,
      0.9206611570247933,
      0.9239669421487603,
      0.9239669421487603,
      0.9239669421487603,
      0.9239669421487603,
      0.9239669421487603,
      0.9239669421487603,
      0.9223140495867769,
      0.9256198347107438
    ],
    "d_alpha": [
      102.68707838538427,
      51.34054352419811,
      -0.008606434829673049,
      -0.00863790413166754,
      -0.011262460544742225,
      -0.016983232262838044,
      -0.013092228653860616,
      -0.017358497836752917,
      -0.039044622579496036,
      -0.038845040366680905,
      -0.031548825977097295,
      -0.04216757176993724,
      -0.051846285129236946,
      -0.04995059275095315,
      -0.04269071129037627,
      -0.03995841073762563,
      -0.05144980467319016,
      -0.06279375697720724,
      -0.06230578566656675,
      -0.059849792595031204,
      -0.05538661715691625
    ],
    "d_det": [
      9.157024793388429,
      4.578512396694214,
      -8.881784197001252e-16,
      -8.881784197001252e-16,
      0.0,
      0.0,
      0.0,
      0.0165289256198351,
      0.008264462809917994,
      -0.008264462809917106,
      0.01652892561983421,
      0.01652892561983421,
      0.016528925619835988,
      0.01652892561983421,
      8.881784197001252e-16,
      -8.881784197001252e-16,
      0.0,
      8.881784197001252e-16,
      -0.008264462809917994,
      0.008264462809917994,
      0.033057851239669575
    ]
  }
}