{
  "mean": 0.997682273468437,
  "ci_lower": 0.9874213836477987,
  "ci_upper": 1.0,
  "n_bootstrap": 100
}