{
  "permutation_scores": [
    0.58125,
    0.51875,
    0.5875,
    0.55625,
    0.5875,
    0.61875,
    0.625,
    0.60625,
    0.575,
    0.64375,
    0.6,
    0.6375,
    0.6,
    0.59375,
    0.6,
    0.60625,
    0.5375,
    0.59375,
    0.5875,
    0.56875,
    0.625,
    0.5625,
    0.55,
    0.5375,
    0.6125,
    0.5875,
    0.625,
    0.525,
    0.53125,
    0.575,
    0.55,
    0.625,
    0.6,
    0.5375,
    0.575,
    0.5875,
    0.575,
    0.5875,
    0.61875,
    0.63125,
    0.5625,
    0.6375,
    0.59375,
    0.575,
    0.55625,
    0.55625,
    0.6,
    0.58125,
    0.61875,
    0.575,
    0.65,
    0.56875,
    0.56875,
    0.58125,
    0.58125,
    0.59375,
    0.6375,
    0.625,
    0.54375,
    0.60625,
    0.60625,
    0.5875,
    0.58125,
    0.5875,
    0.5875,
    0.6125,
    0.59375,
    0.63125,
    0.5375,
    0.625,
    0.6375,
    0.6125,
    0.54375,
    0.53125,
    0.575,
    0.625,
    0.60625,
    0.60625,
    0.5625,
    0.58125,
    0.6375,
    0.55,
    0.6,
    0.53125,
    0.5875,
    0.5625,
    0.5625,
    0.65625,
    0.59375,
    0.58125,
    0.58125,
    0.60625,
    0.625,
    0.625,
    0.575,
    0.58125,
    0.55,
    0.5875,
    0.575,
    0.65
  ],
  "mean": 0.5890625
}