{
  "baseline": {
    "accuracy": 0.89,
    "variance": 7.2e-05,
    "epoch_vars": [
      0.00015,
      0.00012,
      9e-05,
      8e-05,
      7.2e-05
    ]
  },
  "regularized": {
    "accuracy": 0.91,
    "variance": 4.1e-05,
    "epoch_vars": [
      0.00015,
      0.0001,
      6e-05,
      5e-05,
      4.1e-05
    ]
  }
}