{
  "domain_results": {
    "Ecological": {
      "exp_tau": 16.971761812319322,
      "exp_r2": 0.8386293112998316,
      "pl_alpha": 0.425538845066066,
      "pl_r2": 0.622466101815063,
      "stretch_tau": 17.645580948654974,
      "stretch_beta": 1.2386704013320773,
      "stretch_r2": 0.8607737772716859,
      "hurst": 1.0757169873786885,
      "dfa": 1.290787041001439,
      "spectral_slope": 0.7497429347185254
    },
    "Physiological": {
      "exp_tau": 22.908508114402405,
      "exp_r2": 0.9026206631502192,
      "pl_alpha": 0.3575987256192519,
      "pl_r2": 0.6225319047362777,
      "stretch_tau": 25.389630287168288,
      "stretch_beta": 1.4946542824952433,
      "stretch_r2": 0.950274343744607,
      "hurst": 0.9433381857916079,
      "dfa": 1.0505642534279966,
      "spectral_slope": 0.5415072105806997
    },
    "Network": {
      "exp_tau": 29.138119003334527,
      "exp_r2": 0.9367925648719411,
      "pl_alpha": 0.31807992395513357,
      "pl_r2": 0.7417769133970386,
      "stretch_tau": 29.272921625345354,
      "stretch_beta": 1.165610461834999,
      "stretch_r2": 0.9468912949035119,
      "hurst": 0.8244323546337242,
      "dfa": 1.0450648802302953,
      "spectral_slope": 0.46142446583701835
    },
    "Financial": {
      "exp_tau": 26.16606607229773,
      "exp_r2": 0.8260746119128328,
      "pl_alpha": 0.3415503099194549,
      "pl_r2": 0.6628272132847616,
      "stretch_tau": 25.844980718561317,
      "stretch_beta": 1.0918024294265443,
      "stretch_r2": 0.8372540963239391,
      "hurst": 0.7823980793671904,
      "dfa": 0.8545491696855343,
      "spectral_slope": 0.17663224861816346
    },
    "Climate": {
      "exp_tau": 30.668033902430146,
      "exp_r2": 0.8542841121096849,
      "pl_alpha": 0.27175893375229754,
      "pl_r2": 0.5285494514786866,
      "stretch_tau": 31.35810075123195,
      "stretch_beta": 1.499999999999997,
      "stretch_r2": 0.930537491268009,
      "hurst": 1.1169914802383296,
      "dfa": 1.2453105780879716,
      "spectral_slope": 0.6686290129296909
    }
  },
  "null_results": {
    "Ecological": {
      "pl_alpha": 0.5822018890819691,
      "hurst": 0.9779934429894861,
      "dfa": 1.2273928637316092
    },
    "Physiological": {
      "pl_alpha": 0.45709945955023534,
      "hurst": 0.9462261940029326,
      "dfa": 0.8967045781687873
    },
    "Network": {
      "pl_alpha": 0.5048104855266707,
      "hurst": 0.8905578083048379,
      "dfa": 0.9679250600815942
    },
    "Financial": {
      "pl_alpha": 0.40504122791709485,
      "hurst": 0.8387249949503391,
      "dfa": 0.8070993856558425
    },
    "Climate": {
      "pl_alpha": 0.2449061778889637,
      "hurst": 1.0143465285886215,
      "dfa": 1.2627165576293886
    }
  },
  "exponent_comparison": {
    "hurst": {
      "mean": 0.9485754174819082,
      "std": 0.1323501305947161,
      "cv": 0.13952515335671856,
      "null_mean": 0.9335697937672436,
      "real_null_diff": 0.015005623714664629
    },
    "dfa": {
      "mean": 1.0972551844866474,
      "std": 0.15696181674702758,
      "cv": 0.14304951023796653,
      "null_mean": 1.0323676890534443,
      "real_null_diff": 0.06488749543320305
    },
    "spectral_slope": {
      "mean": 0.5195871745368196,
      "std": 0.19832630355637626,
      "cv": 0.38169976719073256,
      "null_mean": 0.0,
      "real_null_diff": 0.5195871745368196
    }
  },
  "verdict": "DOMAIN_SPECIFIC_SCALING",
  "analysis": {
    "avg_cv": 0.22142481026180585,
    "avg_null_gap": 0.19982676456156243,
    "power_law_better_count": 0,
    "n_domains": 5
  }
}