{
  "layer_0": {
    "lambda": [
      0.0,
      0.1,
      0.2,
      0.30000000000000004,
      0.4,
      0.5,
      0.6000000000000001,
      0.7000000000000001,
      0.8,
      0.9,
      1.0,
      1.1,
      1.2000000000000002,
      1.3,
      1.4000000000000001,
      1.5,
      1.6,
      1.7000000000000002,
      1.8,
      1.9000000000000001,
      2.0
    ],
    "alpha": [
      0.0,
      0.0,
      0.0,
      0.0,
      0.0,
      0.0,
      0.0,
      0.0,
      0.0,
      0.0,
      0.0,
      0.0,
      0.0,
      0.0,
      0.0,
      0.0,
      0.0,
      0.0,
      0.0,
      0.0,
      0.0
    ],
    "det": [
      0.0,
      0.915702479338843,
      0.9305785123966942,
      0.9355371900826446,
      0.9223140495867769,
      0.9041322314049587,
      0.915702479338843,
      0.9190082644628099,
      0.9190082644628099,
      0.9190082644628099,
      0.9272727272727272,
      0.9272727272727272,
      0.9272727272727272,
      0.9305785123966942,
      0.9272727272727272,
      0.9322314049586777,
      0.9223140495867769,
      0.9256198347107438,
      0.9206611570247933,
      0.9206611570247933,
      0.9190082644628099
    ],
    "d_alpha": [
      0.0,
      0.0,
      0.0,
      0.0,
      0.0,
      0.0,
      0.0,
      0.0,
      0.0,
      0.0,
      0.0,
      0.0,
      0.0,
      0.0,
      0.0,
      0.0,
      0.0,
      0.0,
      0.0,
      0.0,
      0.0
    ],
    "d_det": [
      9.157024793388429,
      4.65289256198347,
      0.09917355371900705,
      -0.04132231404958642,
      -0.15702479338842945,
      -0.0330578512396702,
      0.07438016528925573,
      0.0165289256198351,
      0.0,
      0.04132231404958642,
      0.041322314049587305,
      0.0,
      0.016528925619835988,
      -8.881784197001252e-16,
      0.008264462809918882,
      -0.024793388429752206,
      -0.03305785123966931,
      -0.008264462809917106,
      -0.024793388429753094,
      -0.008264462809916218,
      -0.016528925619834232
    ]
  },
  "layer_1": {
    "lambda": [
      0.0,
      0.1,
      0.2,
      0.30000000000000004,
      0.4,
      0.5,
      0.6000000000000001,
      0.7000000000000001,
      0.8,
      0.9,
      1.0,
      1.1,
      1.2000000000000002,
      1.3,
      1.4000000000000001,
      1.5,
      1.6,
      1.7000000000000002,
      1.8,
      1.9000000000000001,
      2.0
    ],
    "alpha": [
      0.0,
      0.0,
      0.0,
      0.0,
      0.0,
      0.0,
      0.0,
      0.0,
      0.0,
      0.0,
      0.0,
      0.0,
      0.0,
      0.0,
      0.0,
      0.0,
      0.0,
      0.0,
      0.0,
      0.0,
      0.0
    ],
    "det": [
      0.0,
      0.9256198347107438,
      0.9239669421487603,
      0.9404958677685951,
      0.9322314049586777,
      0.9206611570247933,
      0.9239669421487603,
      0.9140495867768595,
      0.9190082644628099,
      0.9223140495867769,
      0.9289256198347108,
      0.9239669421487603,
      0.9239669421487603,
      0.9272727272727272,
      0.9256198347107438,
      0.9305785123966942,
      0.9322314049586777,
      0.9305785123966942,
      0.9289256198347108,
      0.9289256198347108,
      0.9338842975206612
    ],
    "d_alpha": [
      0.0,
      0.0,
      0.0,
      0.0,
      0.0,
      0.0,
      0.0,
      0.0,
      0.0,
      0.0,
      0.0,
      0.0,
      0.0,
      0.0,
      0.0,
      0.0,
      0.0,
      0.0,
      0.0,
      0.0,
      0.0
    ],
    "d_det": [
      9.256198347107437,
      4.619834710743801,
      0.07438016528925573,
      0.041322314049587305,
      -0.09917355371900882,
      -0.04132231404958642,
      -0.0330578512396702,
      -0.024793388429752206,
      0.041322314049587305,
      0.04958677685950441,
      0.008264462809917106,
      -0.024793388429752206,
      0.0165289256198351,
      0.008264462809916218,
      0.016528925619835988,
      0.03305785123966931,
      0.0,
      -0.01652892561983421,
      -0.008264462809917994,
      0.024793388429753094,
      0.049586776859503814
    ]
  },
  "layer_2": {
    "lambda": [
      0.0,
      0.1,
      0.2,
      0.30000000000000004,
      0.4,
      0.5,
      0.6000000000000001,
      0.7000000000000001,
      0.8,
      0.9,
      1.0,
      1.1,
      1.2000000000000002,
      1.3,
      1.4000000000000001,
      1.5,
      1.6,
      1.7000000000000002,
      1.8,
      1.9000000000000001,
      2.0
    ],
    "alpha": [
      0.0,
      0.0,
      0.0,
      0.0,
      0.0,
      0.0,
      0.0,
      0.0,
      0.0,
      0.0,
      0.0,
      0.0,
      0.0,
      0.0,
      0.0,
      0.0,
      0.0,
      0.0,
      0.0,
      0.0,
      0.0
    ],
    "det": [
      0.0,
      0.9289256198347108,
      0.9388429752066115,
      0.9322314049586777,
      0.9223140495867769,
      0.9322314049586777,
      0.9388429752066115,
      0.9388429752066115,
      0.943801652892562,
      0.9421487603305785,
      0.943801652892562,
      0.943801652892562,
      0.9454545454545454,
      0.9404958677685951,
      0.9371900826446281,
      0.9305785123966942,
      0.9338842975206612,
      0.947107438016529,
      0.947107438016529,
      0.9454545454545454,
      0.9404958677685951
    ],
    "d_alpha": [
      0.0,
      0.0,
      0.0,
      0.0,
      0.0,
      0.0,
      0.0,
      0.0,
      0.0,
      0.0,
      0.0,
      0.0,
      0.0,
      0.0,
      0.0,
      0.0,
      0.0,
      0.0,
      0.0,
      0.0,
      0.0
    ],
    "d_det": [
      9.289256198347108,
      4.694214876033056,
      0.01652892561983421,
      -0.08264462809917372,
      0.0,
      0.08264462809917372,
      0.03305785123966842,
      0.024793388429753094,
      0.0165289256198351,
      0.0,
      0.008264462809917994,
      0.008264462809917106,
      -0.01652892561983421,
      -0.041322314049587305,
      -0.04958677685950352,
      -0.0165289256198351,
      0.08264462809917461,
      0.06611570247933951,
      -0.008264462809918882,
      -0.03305785123966931,
      -0.049586776859503814
    ]
  }
}