{
  "phase": 191,
  "verdict": "HIGH_ORDER_DEPENDENCY",
  "surviving_models": [],
  "best_pairwise": "M2",
  "ablation_effects": {
    "F1_preserved": 0.912,
    "F2_preserved": 0.863,
    "F3_preserved": 0.938,
    "F4_preserved": 0.924,
    "F5_preserved": 0.871
  },
  "aggregate": {
    "real": {
      "largest_eigenvalue": 1.3764543707099417,
      "spectral_gap": 0.9601955481629816,
      "zero_lag": 0.18817824342323639,
      "plv": 0.08054448215112825,
      "propagation": 0.22360317180645212,
      "coalition": 0.7296594900199669,
      "coincidence": 0.023000595238095237,
      "efficiency": 12.663671704738139,
      "sync_var": 0.023491759940164794
    },
    "M1": {
      "largest_eigenvalue": 0.05212133826218316,
      "spectral_gap": 0.04615430141323603,
      "zero_lag": 0.004401274694070204,
      "plv": 0.00726749706779369,
      "propagation": 0.0057092832133166255,
      "coalition": -0.0003172572888715484,
      "coincidence": 0.009988988095238096,
      "efficiency": 231.301505223599,
      "sync_var": 1.7751507349398194e-05
    },
    "M2": {
      "largest_eigenvalue": 0.15139803838133759,
      "spectral_gap": 0.12108337982894439,
      "zero_lag": 0.06379698146018362,
      "plv": 0.029634982271196472,
      "propagation": 0.22344454434982053,
      "coalition": -0.0032311944404659586,
      "coincidence": 0.01744077380952381,
      "efficiency": 91.02219354153084,
      "sync_var": 0.00020979176996243533
    },
    "M3": {
      "largest_eigenvalue": 0.15020290686915333,
      "spectral_gap": 0.10626252363826744,
      "zero_lag": 0.07434254701577725,
      "plv": 0.015318755325210712,
      "propagation": 0.23240498666269038,
      "coalition": -0.0028141495784210807,
      "coincidence": 0.01777797619047619,
      "efficiency": 88.49538415803868,
      "sync_var": 0.0002477324847787837
    },
    "M4": {
      "largest_eigenvalue": 0.08099651373352468,
      "spectral_gap": 0.06003688351870294,
      "zero_lag": 0.03838775264049655,
      "plv": 0.0055783576602405184,
      "propagation": 0.22364531497489037,
      "coalition": -0.000766855194626061,
      "coincidence": 0.013810416666666665,
      "efficiency": 148.82444142512566,
      "sync_var": 6.831674743672878e-05
    },
    "F1_only": {
      "largest_eigenvalue": 0.08709394654869881,
      "spectral_gap": 0.06173232280305273,
      "zero_lag": 0.05050867353587763,
      "plv": 0.006590230486605414,
      "propagation": 0.22371106001483013,
      "coalition": -0.0008087287755143423,
      "coincidence": 0.014092559523809525,
      "efficiency": 152.72781094224348,
      "sync_var": 9.723337408394146e-05
    },
    "F2_only": {
      "largest_eigenvalue": 0.18308435488796312,
      "spectral_gap": 0.14224695399776227,
      "zero_lag": 0.08225805056103497,
      "plv": 0.013026533028985765,
      "propagation": 0.23267476556137862,
      "coalition": -0.004482220849099256,
      "coincidence": 0.018341071428571425,
      "efficiency": 86.67083730670663,
      "sync_var": 0.00036964403594183547
    }
  },
  "survival": {
    "M1": {
      "eig_dest": 0.962133624353054,
      "gap_dest": 0.9519323938737926,
      "survived": 0.0
    },
    "M2": {
      "eig_dest": 0.8900086762024301,
      "gap_dest": 0.8738971659881182,
      "survived": 0.0
    },
    "M3": {
      "eig_dest": 0.8908769443685356,
      "gap_dest": 0.8893324137551295,
      "survived": 0.0
    },
    "M4": {
      "eig_dest": 0.9411556856100151,
      "gap_dest": 0.9374743158999604,
      "survived": 0.0
    },
    "F1_only": {
      "eig_dest": 0.9367258745353266,
      "gap_dest": 0.9357085929827968,
      "survived": 0.0
    },
    "F2_only": {
      "eig_dest": 0.8669884314483068,
      "gap_dest": 0.8518562658721913,
      "survived": 0.0
    }
  }
}