{
  "files": 1,
  "pers_effect": 0.07125832969683511,
  "coherence": 0.060420774409486844,
  "entropy": 2.9326025728561245,
  "verdict": "WEAK_OR_NO_TEMPORAL_STRUCTURE"
}