{
  "train_logistic": {
    "r": 0.6841679113336805,
    "r2": 0.46808573089869043
  },
  "test_lorenz": {
    "r": NaN,
    "r2": -8.594780216102571e+29
  },
  "test_harmonic": {
    "r": NaN,
    "r2": 0.0
  }
}