graph,modularity,efficiency,clustering,path_length,dominant_module
random_graph,0.06867845993756508,inf,0.14423280423279808,0.4095238095238095,1.0
ring_lattice,0.06666666666666667,inf,0.4999999999999166,0.7142857142857143,1.0
modular_graph,0.05600000000000003,inf,0.39888888888877705,0.7619047619047619,1.0
star_graph,0.26785714285714496,inf,0.0,0.8666666666666667,1.0
dense_global,0.0670486767485823,inf,0.08937062937062805,0.12380952380952381,1.0
