file,real_efficiency,real_modularity,A_efficiency,A_modularity,C_efficiency,C_modularity
chb01_04.edf,0.4098406650002127,0.19167405668601623,0.27832988154298355,0.1406814555603931,0.3921902545743186,0.1887160518994401
chb02_01.edf,0.4150364800298668,0.1893338736670035,0.2864641834121589,0.14551637708600706,0.398650285757384,0.1884628371072496
chb03_01.edf,0.4759202217787104,0.21409504208340002,0.2906810541065001,0.14513818106918,0.45623034561440434,0.20912788749745528
chb04_01.edf,0.4145823639575625,0.20660360050519236,0.28208088800726167,0.13988556254761128,0.40100193653272975,0.20242218725499322
