System,D_max,k_max,Growth_Rate,Saturation_Fraction,Final_D,Final_k
TRIBE,4.410129287644546,200,1.0414939992694243,0.9550395747015564,4.061712223525713,500
hierarchical,45.348049212077456,500,5.051253955937755,0.0,45.348049212077456,500
correlated,27.487028629816948,500,6.565241485270303,0.0,27.487028629816948,500
sparse,37.38270273973401,500,1.6908814155321785,0.0,37.38270273973401,500
manifold,45.01408577124457,500,5.058879763713881,0.0,45.01408577124457,500
uniform_sphere,45.243504518690095,500,5.045639820931557,0.0,45.243504518690095,500
power_law,45.26388495016051,500,5.046555200568797,0.0,45.26388495016051,500
