Metric,Value
Mean Alignment,0.8981141503847828
Growth Rate CV,0.4462651872953738
Saturation Frac CV,2.4494897427831774
D_max CV,0.39739562780959964
