{
    "operators": [
        "identity",
        "tanh",
        "relu",
        "softplus",
        "sigmoid"
    ],
    "normalized_phi": [
        [
            0.7950935005644465,
            0.7931558516055303,
            -0.7135119271954371
        ],
        [
            -1.574922048122359,
            -1.6358771131266188,
            1.4686573164308907
        ],
        [
            0.7950935005644465,
            0.7931558516055303,
            -0.7135119271954371
        ],
        [
            0.7845659467668372,
            0.7543323249104876,
            -0.9757985302740544
        ],
        [
            -0.7998308997733705,
            -0.7047669149949294,
            0.9341650682340444
        ]
    ],
    "distance_matrix": [
        [
            0.0,
            4.0347289193453095,
            0.0,
            0.26535326975283796,
            2.7390501891642005
        ],
        [
            4.0347289193453095,
            0.0,
            4.0347289193453095,
            4.153991952591855,
            1.3241655684604954
        ],
        [
            0.0,
            4.0347289193453095,
            0.0,
            0.26535326975283796,
            2.7390501891642005
        ],
        [
            0.26535326975283796,
            4.153991952591855,
            0.26535326975283796,
            0.0,
            2.878757528317577
        ],
        [
            2.7390501891642005,
            1.3241655684604954,
            2.7390501891642005,
            2.878757528317577,
            0.0
        ]
    ],
    "triangle_test": {
        "total_tests": 60,
        "num_violations": 0,
        "violation_rate": 0.0,
        "max_violation": 0.0,
        "violations": []
    }
}