{
    "operators": [
        "identity",
        "tanh",
        "relu",
        "softplus",
        "sigmoid"
    ],
    "phi": {
        "identity": {
            "F": 0.07026666666666667,
            "DET": 0.1657179000632511,
            "alpha": 2.217437229437939
        },
        "tanh": {
            "F": 0.03493333333333333,
            "DET": 0.15267175572519084,
            "alpha": 2.387302648103835
        },
        "relu": {
            "F": 0.07026666666666667,
            "DET": 0.1657179000632511,
            "alpha": 2.217437229437939
        },
        "softplus": {
            "F": 0.06948888888888889,
            "DET": 0.16917173009274064,
            "alpha": 2.1999940455255556
        },
        "sigmoid": {
            "F": 0.047,
            "DET": 0.14373522458628843,
            "alpha": 2.3552817078081514
        }
    },
    "distance_matrix": [
        [
            0.0,
            0.17399111122432098,
            0.0,
            0.01779883549970189,
            0.141512105545989
        ],
        [
            0.17399111122432098,
            0.0,
            0.17399111122432098,
            0.1911827611834047,
            0.03536674498255044
        ],
        [
            0.0,
            0.17399111122432098,
            0.0,
            0.01779883549970189,
            0.141512105545989
        ],
        [
            0.01779883549970189,
            0.1911827611834047,
            0.01779883549970189,
            0.0,
            0.1589560442167271
        ],
        [
            0.141512105545989,
            0.03536674498255044,
            0.141512105545989,
            0.1589560442167271,
            0.0
        ]
    ]
}