{
  "phase": 194,
  "verdict": "MIXED_QUADRUPLE_DEPENDENCY",
  "quadruple_survivors": 0,
  "surviving_models": [],
  "feature_destruction": {
    "F5": 0.9624578251498098,
    "F4": 0.7810529678354408,
    "F3": 0.9239072129432166,
    "F2": 0.9130554068100334,
    "F1": 0.8600976144938666
  },
  "most_destructive_omission": "F5",
  "irreducible_confirmed": false,
  "aggregate": {
    "real": {
      "largest_eigenvalue": 1.3764543707099417,
      "spectral_gap": 0.9601955481629816,
      "zero_lag": 0.18817824342323639,
      "plv": 0.08054448215112825,
      "propagation": 0.199800766159039,
      "coalition": 0.7296594900199669,
      "coincidence": 0.023000595238095237,
      "efficiency": 12.663671704738139,
      "sync_var": 0.023491759940164794
    },
    "Q1": {
      "largest_eigenvalue": 0.051675090658500976,
      "spectral_gap": 0.043188783787322174,
      "zero_lag": 0.025027109990728248,
      "plv": 0.006112400451303747,
      "propagation": 0.19983998346733067,
      "coalition": -0.00031145140581992337,
      "coincidence": 0.01124047619047619,
      "efficiency": 308.07280223629834,
      "sync_var": 2.0657385213484048e-05
    },
    "Q2": {
      "largest_eigenvalue": 0.30137059937687793,
      "spectral_gap": 0.16572206091803116,
      "zero_lag": 0.04121757849002967,
      "plv": 0.031336780281585555,
      "propagation": 0.19992913464422346,
      "coalition": -0.0070376150875141735,
      "coincidence": 0.011420535714285716,
      "efficiency": 133.16759886678528,
      "sync_var": 0.0028023390720207236
    },
    "Q3": {
      "largest_eigenvalue": 0.1047382493238103,
      "spectral_gap": 0.08971548725684525,
      "zero_lag": 0.019774299664592793,
      "plv": 0.02790491471851974,
      "propagation": 0.20325703120209673,
      "coalition": -0.0014245989746854192,
      "coincidence": 0.013530059523809524,
      "efficiency": 125.05371792358264,
      "sync_var": 9.364875330484774e-05
    },
    "Q4": {
      "largest_eigenvalue": 0.1196752653059274,
      "spectral_gap": 0.0950955011365991,
      "zero_lag": 0.04713361331783404,
      "plv": 0.004708262649422895,
      "propagation": 0.1999686017392902,
      "coalition": -0.000722117314841461,
      "coincidence": 0.012994940476190476,
      "efficiency": 212.62745590347734,
      "sync_var": 0.0004320363292809532
    },
    "Q5": {
      "largest_eigenvalue": 0.19256925000266467,
      "spectral_gap": 0.14286244600476816,
      "zero_lag": 0.0826798712718461,
      "plv": 0.013353610210467775,
      "propagation": 0.21852729689359707,
      "coalition": -0.0047724194829289746,
      "coincidence": 0.018329464285714286,
      "efficiency": 77.79162010962001,
      "sync_var": 0.00041410735022483794
    }
  },
  "survival": {
    "Q1": {
      "eig_dest": 0.9624578251498098,
      "gap_dest": 0.9550208456288413,
      "survived": 0.0
    },
    "Q2": {
      "eig_dest": 0.7810529678354408,
      "gap_dest": 0.8274080095090153,
      "survived": 0.0
    },
    "Q3": {
      "eig_dest": 0.9239072129432166,
      "gap_dest": 0.9065653996954199,
      "survived": 0.0
    },
    "Q4": {
      "eig_dest": 0.9130554068100334,
      "gap_dest": 0.9009623598874905,
      "survived": 0.0
    },
    "Q5": {
      "eig_dest": 0.8600976144938666,
      "gap_dest": 0.8512152589354445,
      "survived": 0.0
    }
  }
}