{
  "phase": 250,
  "name": "Synchronization Causal Factor Decomposition",
  "timestamp": "2026-05-11T12:23:55",
  "verdict": "CRITICAL_SYNCHRONIZATION_CAUSAL",
  "confidence": "MODERATE",
  "evidence": {
    "best_variant": "KuramotoAdaptive",
    "best_DNI": 1.24095676550532,
    "standard_DNI": 0.7468818555727127,
    "repulsive_DNI": 0.03396478003590258,
    "chimera_DNI": 1.0165604666947945,
    "critical_K_star": 0.02,
    "variant_rankings": [
      [
        "KuramotoAdaptive",
        {
          "DNI": 1.24095676550532,
          "R": 0.9879258178151645,
          "metastability": 0.06645849854533022
        }
      ],
      [
        "LorenzSync",
        {
          "DNI": 1.1700562000035453,
          "R": 0.454354787495432,
          "metastability": 0.20351510633175215
        }
      ],
      [
        "KuramotoChimera",
        {
          "DNI": 1.0165604666947945,
          "R": 0.9808555769445113,
          "metastability": 0.071758889992828
        }
      ],
      [
        "KuramotoRandomized",
        {
          "DNI": 0.8249345158031578,
          "R": 0.9771431886239534,
          "metastability": 0.08081942269206854
        }
      ],
      [
        "KuramotoStrong",
        {
          "DNI": 0.7561143782594267,
          "R": 0.9948753268463272,
          "metastability": 0.04101776026812122
        }
      ],
      [
        "KuramotoStandard",
        {
          "DNI": 0.7468818555727127,
          "R": 0.9776642113590082,
          "metastability": 0.05959862924561823
        }
      ],
      [
        "KuramotoDelayed",
        {
          "DNI": 0.6638264910052567,
          "R": 0.9791626291814489,
          "metastability": 0.043755216076359016
        }
      ],
      [
        "KuramotoWeak",
        {
          "DNI": 0.0915667808782803,
          "R": 0.4320025493101943,
          "metastability": 0.19053182375669586
        }
      ],
      [
        "KuramotoRepulsive",
        {
          "DNI": 0.03396478003590258,
          "R": 0.07168525869458461,
          "metastability": 0.04340785404042086
        }
      ],
      [
        "EEGSurrogate",
        {
          "DNI": -0.23906073582672455,
          "R": 0.31928471948132436,
          "metastability": 0.1515386616653291
        }
      ]
    ]
  },
  "per_system": [
    {
      "system": "KuramotoStandard",
      "DNI": 0.7468818555727127,
      "R": 0.9776642113590082,
      "PLV": 0.9774008484741692,
      "metastability": 0.05959862924561823
    },
    {
      "system": "KuramotoWeak",
      "DNI": 0.0915667808782803,
      "R": 0.4320025493101943,
      "PLV": 0.23090681000197952,
      "metastability": 0.19053182375669586
    },
    {
      "system": "KuramotoStrong",
      "DNI": 0.7561143782594267,
      "R": 0.9948753268463272,
      "PLV": 0.9916838005394124,
      "metastability": 0.04101776026812122
    },
    {
      "system": "KuramotoDelayed",
      "DNI": 0.6638264910052567,
      "R": 0.9791626291814489,
      "PLV": 0.9802294876145863,
      "metastability": 0.043755216076359016
    },
    {
      "system": "KuramotoChimera",
      "DNI": 1.0165604666947945,
      "R": 0.9808555769445113,
      "PLV": 0.9782254622343359,
      "metastability": 0.071758889992828
    },
    {
      "system": "KuramotoAdaptive",
      "DNI": 1.24095676550532,
      "R": 0.9879258178151645,
      "PLV": 0.9817020424431069,
      "metastability": 0.06645849854533022
    },
    {
      "system": "KuramotoRepulsive",
      "DNI": 0.03396478003590258,
      "R": 0.07168525869458461,
      "PLV": 0.4631898330369301,
      "metastability": 0.04340785404042086
    },
    {
      "system": "KuramotoRandomized",
      "DNI": 0.8249345158031578,
      "R": 0.9771431886239534,
      "PLV": 0.9721470131604664,
      "metastability": 0.08081942269206854
    },
    {
      "system": "LorenzSync",
      "DNI": 1.1700562000035453,
      "R": 0.454354787495432,
      "PLV": 0.2210880688989739,
      "metastability": 0.20351510633175215
    },
    {
      "system": "EEGSurrogate",
      "DNI": -0.23906073582672455,
      "R": 0.31928471948132436,
      "PLV": 0.000906519427591725,
      "metastability": 0.1515386616653291
    }
  ],
  "coupling_sweep": [
    {
      "K": 0.0,
      "DNI": 0.21030537635855193,
      "R": 0.2936075400983799,
      "PLV": 0.2960050253917301
    },
    {
      "K": 0.001,
      "DNI": 0.1989389883289222,
      "R": 0.29566590693473205,
      "PLV": 0.2957482632097094
    },
    {
      "K": 0.005,
      "DNI": 0.12707721748114034,
      "R": 0.3026976235128462,
      "PLV": 0.29678796920903416
    },
    {
      "K": 0.01,
      "DNI": 0.04797614283414208,
      "R": 0.3076291242850454,
      "PLV": 0.3074255852921522
    },
    {
      "K": 0.02,
      "DNI": 0.3076644879810625,
      "R": 0.5348613385826216,
      "PLV": 0.39646045363256327
    },
    {
      "K": 0.05,
      "DNI": 0.6735920275223858,
      "R": 0.6699730628440567,
      "PLV": 0.6751035025828772
    },
    {
      "K": 0.1,
      "DNI": 0.9316426553239746,
      "R": 0.9446996196639753,
      "PLV": 0.9787448334179498
    },
    {
      "K": 0.15,
      "DNI": 0.9560261012004561,
      "R": 0.9765771629560748,
      "PLV": 0.9903094675619196
    },
    {
      "K": 0.2,
      "DNI": 0.9509803897902266,
      "R": 0.9865007448581787,
      "PLV": 0.9937495209856596
    },
    {
      "K": 0.3,
      "DNI": 0.9402515026290463,
      "R": 0.9934671741982289,
      "PLV": 0.9961606497727404
    },
    {
      "K": 0.5,
      "DNI": 0.9272113668634467,
      "R": 0.9971695943912906,
      "PLV": 0.9976585333685735
    },
    {
      "K": 0.8,
      "DNI": 0.9198506280405105,
      "R": 0.9985658661840924,
      "PLV": 0.998425366813629
    },
    {
      "K": 1.0,
      "DNI": 0.9169688285417056,
      "R": 0.9989363439372769,
      "PLV": 0.9987024776463168
    }
  ],
  "compliance": {
    "lep": true,
    "no_consciousness": true,
    "no_sfh_metaphysics": true,
    "no_observer_theory": true
  }
}