{
  "real_auc": 1.0,
  "perm_auc": 0.4078754341281413,
  "shuffle_auc": 0.6939630813778891,
  "phase_auc": 0.3832533970284571,
  "effect_size": 0.5921245658718587,
  "verdict": "ROBUST_REAL_STRUCTURE",
  "n_subjects": 5,
  "n_windows": 2105
}