{
  "best_window": 5.0,
  "best_lag": 2,
  "real_mi": 0.1336303526258304,
  "effect": 0.007660338566575359,
  "verdict": "SURROGATE_EXPLAINED"
}