{
  "phase": 196,
  "verdict": "PARTIAL_GENERALIZATION",
  "universal_collapse": false,
  "total_reduced_order_survivors": 36,
  "observable_survival_counts": {
    "O1_eigenvalue": 0,
    "O2_spectral_gap": 0,
    "O3_efficiency": 0,
    "O4_sync_variance": 0,
    "O5_coalition": 0,
    "O6_coincidence_stability": 0,
    "O7_plv": 0,
    "O8_zerolag": 0,
    "O9_propagation": 18,
    "O10_graph_entropy": 18
  },
  "strongest_observable": "O10_graph_entropy",
  "weakest_observable": "O1_eigenvalue",
  "aggregate": {
    "real": {
      "O1_eigenvalue": 1.3764543707099417,
      "O2_spectral_gap": 0.9601955481629816,
      "O3_efficiency": 12.663671704738139,
      "O4_sync_variance": 0.023491759940164794,
      "O5_coalition": 0.7296594900199669,
      "O6_coincidence_stability": 0.01053603524173144,
      "O7_plv": 0.08054448215112825,
      "O8_zerolag": 0.18817824342323639,
      "O9_propagation": 0.199800766159039,
      "O10_graph_entropy": 2.0577471329952273
    },
    "F1": {
      "O1_eigenvalue": 0.19602856437198796,
      "O2_spectral_gap": 0.14561251610697262,
      "O3_efficiency": 80.38989170794716,
      "O4_sync_variance": 0.0004784090874083734,
      "O5_coalition": -0.0050285484713549905,
      "O6_coincidence_stability": 0.005624878089084829,
      "O7_plv": 0.011381833039161442,
      "O8_zerolag": 0.08150123019595726,
      "O9_propagation": 0.21807680661653497,
      "O10_graph_entropy": 2.036384744357305
    },
    "F2": {
      "O1_eigenvalue": 0.07930617356544434,
      "O2_spectral_gap": 0.06715379818453432,
      "O3_efficiency": 155.91743386704107,
      "O4_sync_variance": 5.963377449812307e-05,
      "O5_coalition": -0.0006923663667862201,
      "O6_coincidence_stability": 0.003247844455010227,
      "O7_plv": 0.005641192991899154,
      "O8_zerolag": 0.033066532792042615,
      "O9_propagation": 0.1999905257590666,
      "O10_graph_entropy": 2.0519656577693253
    },
    "M1": {
      "O1_eigenvalue": 0.08755469827788358,
      "O2_spectral_gap": 0.07734234638859713,
      "O3_efficiency": 152.84429534913653,
      "O4_sync_variance": 5.6310881935397956e-05,
      "O5_coalition": -0.001153097088752388,
      "O6_coincidence_stability": 0.0024684375137132824,
      "O7_plv": 0.031018317631903554,
      "O8_zerolag": 0.01748072449475257,
      "O9_propagation": 0.20386985227111443,
      "O10_graph_entropy": 2.060946033752522
    },
    "M2": {
      "O1_eigenvalue": 0.05133903996174426,
      "O2_spectral_gap": 0.04724007887278634,
      "O3_efficiency": 194.8022399811539,
      "O4_sync_variance": 1.780701366182516e-05,
      "O5_coalition": -0.00030785545551995357,
      "O6_coincidence_stability": 0.0019508056402116572,
      "O7_plv": 0.006212374002621021,
      "O8_zerolag": 0.019376817722985995,
      "O9_propagation": 0.19999053035090159,
      "O10_graph_entropy": 2.0561140177117645
    },
    "M3": {
      "O1_eigenvalue": 0.05528468707481639,
      "O2_spectral_gap": 0.04793835330248699,
      "O3_efficiency": 220.47325806868065,
      "O4_sync_variance": 2.0286959397756974e-05,
      "O5_coalition": -0.00036299477781476903,
      "O6_coincidence_stability": 0.002524578949688955,
      "O7_plv": 0.009012452356019798,
      "O8_zerolag": 0.01672800596944714,
      "O9_propagation": 0.20369939498390172,
      "O10_graph_entropy": 2.0631299673885852
    },
    "M5": {
      "O1_eigenvalue": 0.06701308463348675,
      "O2_spectral_gap": 0.05794912508128407,
      "O3_efficiency": 190.8121750421779,
      "O4_sync_variance": 3.501579668229437e-05,
      "O5_coalition": -0.0005170056753433923,
      "O6_coincidence_stability": 0.0019033587988128327,
      "O7_plv": 0.01874462722551314,
      "O8_zerolag": 0.014899214335423232,
      "O9_propagation": 0.21667484603423362,
      "O10_graph_entropy": 2.064334435818859
    },
    "M6": {
      "O1_eigenvalue": 0.07476334476078327,
      "O2_spectral_gap": 0.06454352492606877,
      "O3_efficiency": 161.83866143972628,
      "O4_sync_variance": 4.256004009797069e-05,
      "O5_coalition": -0.0006668009757343275,
      "O6_coincidence_stability": 0.002958064086941668,
      "O7_plv": 0.014716775845691876,
      "O8_zerolag": 0.01616432272123819,
      "O9_propagation": 0.21842894875356644,
      "O10_graph_entropy": 2.0562854011904026
    },
    "M8": {
      "O1_eigenvalue": 0.07199169188590758,
      "O2_spectral_gap": 0.06281544399528428,
      "O3_efficiency": 151.14293894909918,
      "O4_sync_variance": 3.963737831148389e-05,
      "O5_coalition": -0.0006332940060194799,
      "O6_coincidence_stability": 0.0024423353461940226,
      "O7_plv": 0.009568985422345395,
      "O8_zerolag": 0.0188563428824111,
      "O9_propagation": 0.21517406002250494,
      "O10_graph_entropy": 2.05491920866762
    },
    "M9": {
      "O1_eigenvalue": 0.07597323857956073,
      "O2_spectral_gap": 0.0643122806491792,
      "O3_efficiency": 138.28153970168177,
      "O4_sync_variance": 4.141003946718874e-05,
      "O5_coalition": -0.0006821976992478657,
      "O6_coincidence_stability": 0.0024946384958890234,
      "O7_plv": 0.013871051180236973,
      "O8_zerolag": 0.020677291613760883,
      "O9_propagation": 0.21515100035545753,
      "O10_graph_entropy": 2.067210953978732
    },
    "M10": {
      "O1_eigenvalue": 0.07096175415254255,
      "O2_spectral_gap": 0.06167350025032857,
      "O3_efficiency": 193.0493567833605,
      "O4_sync_variance": 3.2722936175043976e-05,
      "O5_coalition": -0.0006079001826696586,
      "O6_coincidence_stability": 0.003433107009311029,
      "O7_plv": 0.01107365664083319,
      "O8_zerolag": 0.018208351591236363,
      "O9_propagation": 0.21721184716702696,
      "O10_graph_entropy": 2.0639715450306757
    },
    "M11": {
      "O1_eigenvalue": 0.05463668047284104,
      "O2_spectral_gap": 0.04736020443203203,
      "O3_efficiency": 220.08678994171166,
      "O4_sync_variance": 2.2635861011202307e-05,
      "O5_coalition": -0.0003574007136677752,
      "O6_coincidence_stability": 0.0020458935662536846,
      "O7_plv": 0.016339217875641097,
      "O8_zerolag": 0.019520610095101223,
      "O9_propagation": 0.19993444530994053,
      "O10_graph_entropy": 2.0596752064884014
    },
    "M13": {
      "O1_eigenvalue": 0.08627212873543832,
      "O2_spectral_gap": 0.0712763834453817,
      "O3_efficiency": 174.06249816949705,
      "O4_sync_variance": 6.970470905652749e-05,
      "O5_coalition": -0.0011338033396301253,
      "O6_coincidence_stability": 0.0023090034487871333,
      "O7_plv": 0.028076095704527928,
      "O8_zerolag": 0.014721889336567037,
      "O9_propagation": 0.20281526562076538,
      "O10_graph_entropy": 2.062366840197188
    },
    "M17": {
      "O1_eigenvalue": 0.08663674689808246,
      "O2_spectral_gap": 0.07315116566729583,
      "O3_efficiency": 150.09672292906504,
      "O4_sync_variance": 7.367678151171101e-05,
      "O5_coalition": -0.0008506504791186878,
      "O6_coincidence_stability": 0.0029641584695553847,
      "O7_plv": 0.0118734207336376,
      "O8_zerolag": 0.026032360300988468,
      "O9_propagation": 0.21596961484376737,
      "O10_graph_entropy": 2.0433710042401367
    },
    "Q1": {
      "O1_eigenvalue": 0.05595010300627327,
      "O2_spectral_gap": 0.04990868803349341,
      "O3_efficiency": 172.5868702669772,
      "O4_sync_variance": 1.899854410263382e-05,
      "O5_coalition": -0.00038059783246082037,
      "O6_coincidence_stability": 0.001981575132892873,
      "O7_plv": 0.006108706708228518,
      "O8_zerolag": 0.019243681873056147,
      "O9_propagation": 0.19998832322283186,
      "O10_graph_entropy": 2.064689414982192
    },
    "Q2": {
      "O1_eigenvalue": 0.30137059937687793,
      "O2_spectral_gap": 0.16572206091803116,
      "O3_efficiency": 133.16759886678528,
      "O4_sync_variance": 0.0028023390720207236,
      "O5_coalition": -0.0070376150875141735,
      "O6_coincidence_stability": 0.004316531117719078,
      "O7_plv": 0.031336780281585555,
      "O8_zerolag": 0.04121757849002967,