{
  "phase": 244,
  "name": "Organizational Topological Skeleton Audit",
  "timestamp": "2026-05-11T11:22:35",
  "verdict": "WEAK_RECOVERY_SCAFFOLD",
  "confidence": "LOW",
  "evidence": {
    "mean_skeleton_score_overall": 0.3688837476781659,
    "mean_skeleton_score_recovery": 0.4519552109043212,
    "mean_effect_size_vs_random": 0.7129316306116357,
    "per_system_scores": {
      "EEG": 0.524655239564776,
      "Kuramoto": 0.2709073673196268,
      "Logistic": 0.3110886361500949
    }
  },
  "per_system": [
    {
      "system": "EEG",
      "skeleton_score_overall": 0.524655239564776,
      "skeleton_score_recovery": 0.6924317986404124,
      "effect_size_vs_random": 1.6543995334218249,
      "metrics_recovery": {
        "component_overlap": 0.7777777777777778,
        "cycle_overlap": 1.0,
        "backbone_preservation": 0.9858876358379048,
        "persistent_edge_survival": 0.25,
        "mst_similarity": 0.75,
        "centroid_retention": 0.9679725614825889,
        "peak_conservation": 0.11538461538461539
      },
      "control_scores": {
        "random_topology": 0.38306190286051517,
        "edge_shuffled": 0.47663485563295527,
        "phase_randomized": 0.416965119203427,
        "synthetic_gaussian": 0.19915524228916756,
        "random_backbone": 0.3800789802152086
      }
    },
    {
      "system": "Kuramoto",
      "skeleton_score_overall": 0.2709073673196268,
      "skeleton_score_recovery": 0.3608478521215587,
      "effect_size_vs_random": -1.0516595508003237,
      "metrics_recovery": {
        "component_overlap": 0.4,
        "cycle_overlap": 0.0,
        "backbone_preservation": 0.9992227097569953,
        "persistent_edge_survival": 0.0,
        "mst_similarity": 0.07692307692307693,
        "centroid_retention": 0.9942336226152829,
        "peak_conservation": 0.05555555555555555
      },
      "control_scores": {
        "random_topology": 0.3569398472557088,
        "edge_shuffled": 0.3783512419151299,
        "phase_randomized": 0.35266444576707634,
        "synthetic_gaussian": 0.2632945338176456,
        "random_backbone": 0.2632945338176446
      }
    },
    {
      "system": "Logistic",
      "skeleton_score_overall": 0.3110886361500949,
      "skeleton_score_recovery": 0.30258598195099257,
      "effect_size_vs_random": 1.536054909213406,
      "metrics_recovery": {
        "component_overlap": 0.4,
        "cycle_overlap": 1.0,
        "backbone_preservation": -0.4089278018451685,
        "persistent_edge_survival": 0.0,
        "mst_similarity": 0.2727272727272727,
        "centroid_retention": 0.6876357361081772,
        "peak_conservation": 0.16666666666666666
      },
      "control_scores": {
        "random_topology": 0.30724400646358035,
        "edge_shuffled": 0.19582751477215263,
        "phase_randomized": 0.2821665194102347,
        "synthetic_gaussian": 0.1927443111381095,
        "random_backbone": 0.19274431113810928
      }
    }
  ],
  "compliance": {
    "lep": true,
    "no_consciousness": true,
    "no_sfh_metaphysics": true,
    "no_observer_theory": true,
    "phase_199_boundaries": true,
    "true_operators_phase_201": true
  }
}