{
    "operators": [
        "identity",
        "tanh",
        "relu",
        "softplus",
        "sigmoid"
    ],
    "phi": {
        "identity": {
            "F": 0.07655555555555556,
            "DET": 0.18461538461538463,
            "alpha": 2.2328635202223612
        },
        "tanh": {
            "F": 0.036533333333333334,
            "DET": 0.1386861313868613,
            "alpha": 2.386223985100796
        },
        "relu": {
            "F": 0.07655555555555556,
            "DET": 0.18461538461538463,
            "alpha": 2.2328635202223612
        },
        "softplus": {
            "F": 0.07637777777777778,
            "DET": 0.18388129182426535,
            "alpha": 2.21443030497244
        },
        "sigmoid": {
            "F": 0.04962222222222222,
            "DET": 0.15629198387819077,
            "alpha": 2.3486604551881616
        }
    },
    "distance_matrix": [
        [
            0.0,
            0.16501729231042522,
            0.0,
            0.01844868346560747,
            0.12221517754042627
        ],
        [
            0.16501729231042522,
            0.0,
            0.16501729231042522,
            0.1820528791645246,
            0.043500618774788676
        ],
        [
            0.0,
            0.16501729231042522,
            0.0,
            0.01844868346560747,
            0.12221517754042627
        ],
        [
            0.01844868346560747,
            0.1820528791645246,
            0.01844868346560747,
            0.0,
            0.13962364732725244
        ],
        [
            0.12221517754042627,
            0.043500618774788676,
            0.12221517754042627,
            0.13962364732725244,
            0.0
        ]
    ]
}