{
    "operators": [
        "identity",
        "tanh",
        "relu",
        "softplus",
        "sigmoid"
    ],
    "phi": {
        "identity": {
            "F": 0.06971111111111111,
            "DET": 0.1711826585910105,
            "alpha": 2.230841873298483
        },
        "tanh": {
            "F": 0.033777777777777775,
            "DET": 0.14736842105263157,
            "alpha": 2.389723318965135
        },
        "relu": {
            "F": 0.06971111111111111,
            "DET": 0.1711826585910105,
            "alpha": 2.230841873298483
        },
        "softplus": {
            "F": 0.06848888888888889,
            "DET": 0.16937053861129137,
            "alpha": 2.2148054063317955
        },
        "sigmoid": {
            "F": 0.04424444444444445,
            "DET": 0.1531893520843797,
            "alpha": 2.3556591441110055
        }
    },
    "distance_matrix": [
        [
            0.0,
            0.16462574565086702,
            0.0,
            0.016184742159053907,
            0.1286532599013302
        ],
        [
            0.16462574565086702,
            0.0,
            0.16462574565086702,
            0.17968091320904822,
            0.03610820346791256
        ],
        [
            0.0,
            0.16462574565086702,
            0.0,
            0.016184742159053907,
            0.1286532599013302
        ],
        [
            0.016184742159053907,
            0.17968091320904822,
            0.016184742159053907,
            0.0,
            0.14383810110750533
        ],
        [
            0.1286532599013302,
            0.03610820346791256,
            0.1286532599013302,
            0.14383810110750533,
            0.0
        ]
    ]
}