{
  "real_auc": 1.0,
  "perm_mean": 0.4954506172839507,
  "effect_size": 0.5045493827160493
}