Dataset,D_eff,D_ambient,Compression_Ratio,Top1,Top3,Top5,Entropy,Normalized_Entropy
TRIBE_Full,2.883545067456877,9,0.3203938963840975,0.5456650746716339,0.8285488357407864,0.9299231544885431,1.4560381172687902,0.6626715049009699
TRIBE_Parcel_Mean,2.7538401277243203,9,0.3059822364138134,0.2918580194145392,0.2918580194145392,0.2918580194145392,0.0,0.0
word2vec_like,98.03550998949822,100,0.9803550998949823,0.01286870965364276,0.038144738788290694,0.06310511561337909,4.595144437764193,0.9978229364347048
bert_like,98.09529441512313,100,0.9809529441512314,0.012802216902142425,0.03815333862215825,0.06317623661291892,4.595483665109956,0.9978965987168925
glove_like,98.10189897668592,100,0.9810189897668592,0.012942373903727785,0.03826606109723066,0.06304622649622753,4.595492897031454,0.9978986034031744
Cooccurrence,245.90182338769714,500,0.4918036467753943,0.008435575843432571,0.02508162954905873,0.04115142152977552,5.705939873571233,0.9181495893554249
