{
  "identity": {
    "n_samples": 25,
    "coefficients": [
      -4.459483688751031,
      4.658743772929224e-08
    ],
    "intercept": 1.0302436479799129,
    "pearson_r": 0.8433913402814183,
    "r2": 0.7113089528616869
  },
  "tanh": {
    "n_samples": 25,
    "coefficients": [
      -3.7704597523705825,
      3.877882886819976e-08
    ],
    "intercept": 1.2019404639483087,
    "pearson_r": 0.8214322681945723,
    "r2": 0.6747509712312795
  }
}