{
  "model_1_linear": {
    "coefficients": [
      -3.076840065892019,
      3.431892828931016e-08
    ],
    "intercept": 0.9004206375656867,
    "pearson_r": 0.7608306397479561,
    "r2": 0.5788632623792842
  },
  "model_2_log": {
    "coefficients": [
      -0.72527804685816,
      2.1928776289054988e-08
    ],
    "intercept": -0.9099929978906223,
    "pearson_r": 0.7874230976354244,
    "r2": 0.6200351346897672
  },
  "model_3_interaction": {
    "coefficients": [
      -3.210363835796587,
      -6.315440123671737e-08,
      9.927721440793835e-08
    ],
    "intercept": 0.9826202028668685,
    "pearson_r": 0.8928678758151096,
    "r2": 0.7972130436625863
  }
}