{
  "noise": {
    "F_long": 0.1157798865932824,
    "accuracy": 0.9235
  },
  "smooth": {
    "F_long": 0.36889064177461,
    "accuracy": 0.9235
  },
  "sparse": {
    "F_long": 0.11388936269494215,
    "accuracy": 0.9235
  }
}