{
  "phase": 201,
  "verdict": "VALIDATED_GENERALIZATION",
  "eeg_destruction": {
    "F1": 0.87614701009059,
    "F2": 0.9407404145236993,
    "F3": 0.9099233924497037,
    "F4": 0.7542487034018079,
    "F5": 0.9601786200763369
  },
  "synthetic_destruction": {
    "Kuramoto": {
      "F1": 0.5355936006463204,
      "F2": 0.9351655881680415,
      "F3": 0.6184748125763857,
      "F4": 0.6032748945947057,
      "F5": 0.9194505208102289
    },
    "Logistic": {
      "F1": 0.42301503367873555,
      "F2": 0.5360265157072013,
      "F3": 0.35523943211966386,
      "F4": 0.4227176627182573,
      "F5": 0.4992386243306043
    },
    "GameOfLife": {
      "F1": 0.11201874369690414,
      "F2": 0.2766719754188377,
      "F3": 0.14085315507364793,
      "F4": 0.5392293843905857,
      "F5": 0.540634775569099
    },
    "Diffusion": {
      "F1": 0.0,
      "F2": 0.0,
      "F3": 0.0,
      "F4": 0.0,
      "F5": 0.0
    }
  },
  "resemblances": {
    "Kuramoto": 0.0,
    "Logistic": 0.0,
    "GameOfLife": 0.0,
    "Diffusion": 0.0
  },
  "operators_validated": true
}