{
  "feature_0": 0.0026792797628045575,
  "feature_1": 0.0026792797628045575,
  "feature_2": 0.0007745413232301058,
  "feature_3": 0.03481223603492071,
  "feature_4": 0.038493263925257204,
  "feature_5": 0.037585933788103126,
  "feature_6": 1.1289625202184768,
  "feature_7": 1.0257107682625906,
  "feature_8": 0.4126777545737402,
  "feature_9": 0.76015656325387,
  "feature_10": 0.021445761298295507,
  "feature_11": 0.021445761298295507,
  "feature_12": 0.1344609346874758,
  "feature_13": 0.31215781968301765,
  "feature_14": 0.2407971953209716,
  "feature_15": 0.03961848024504851,
  "feature_16": 0.0005645158336083009,
  "feature_17": 0.022911391198211013,
  "feature_18": 0.018404006113692337
}