{
  "covariance_only": 0.020204499347491217,
  "spectrum_only": 5.91593046541074,
  "entropy_only": 1.5362248030759829,
  "autocorr_only": 0.4519324622167049,
  "temporal_ordering_only": 4.5
}