{
  "permutation_scores": [
    0.6125,
    0.625,
    0.66875,
    0.59375,
    0.6125,
    0.61875,
    0.60625,
    0.60625,
    0.69375,
    0.63125,
    0.58125,
    0.575,
    0.6,
    0.61875,
    0.61875,
    0.6375,
    0.61875,
    0.61875,
    0.61875,
    0.61875
  ],
  "mean": 0.6187500000000001
}