{
  "computational_prediction": {
    "best_model": "gradient_boosting",
    "r2": 0.9439706187668516,
    "mae": 0.7518945594470705,
    "all_results": {
      "linear": {
        "r2": 0.7384996291619088,
        "mae": 2.337158600544971
      },
      "random_forest": {
        "r2": 0.8231111646667953,
        "mae": 1.6148544591118252
      },
      "gradient_boosting": {
        "r2": 0.9439706187668516,
        "mae": 0.7518945594470705
      },
      "ridge": {
        "r2": 0.6875616267692817,
        "mae": 2.1238407508233714
      }
    }
  },
  "minimal_coordinates": {
    "dimension": 1,
    "reconstruction_error": 0.27508654491978557,
    "dim_results": {
      "1": -0.05182145659574777,
      "2": 0.038282717659845145,
      "3": 0.39518769547099697,
      "5": 0.7249134550802144
    }
  },
  "interventions": {
    "A": {
      "delta_var_x1": 4.440892098500626e-16,
      "delta_compression": 0.005599557761091667
    },
    "B": {
      "delta_var_x1": 0.014218415570159237,
      "delta_compression": 0.0007993308208331662
    },
    "C": {
      "delta_var_x1": 3.552713678800501e-15,
      "delta_compression": 0.008594146837787031
    },
    "D": {
      "delta_var_x1": 0.5554443170473666,
      "delta_compression": 0.004107783966327716
    }
  },
  "computational_rg": {
    "fixed_points": 3,
    "attractors": 3,
    "collapse_regions": 0
  },
  "meta_universality": {
    "complexity_threshold": 1.2190896503313133,
    "collapse_threshold": 0.8885733521658049,
    "r2": 0.151373641748617
  },
  "phase_agreement": 0.4090909090909091,
  "verdict": "hybrid_computational_statistical"
}