{
  "model_1_linear": {
    "coefficients": [
      1.8356723713138898,
      -5.020537341797416e-09
    ],
    "intercept": 0.3616678938089183,
    "pearson_r": 0.6287683889150304,
    "r2": 0.395349686898803
  },
  "model_2_log": {
    "coefficients": [
      0.0763861557718543,
      -5.176473798042353e-09
    ],
    "intercept": 0.73462505969988,
    "pearson_r": 0.6327005890198475,
    "r2": 0.4003100353460619
  },
  "model_3_interaction": {
    "coefficients": [
      0.2981052980858336,
      -6.320766041875718e-09,
      1.0346645070582976e-07
    ],
    "intercept": 0.37665483749734996,
    "pearson_r": 0.6298556135158038,
    "r2": 0.39671809387736967
  }
}