Dataset,Best_Model,Best_R2,Log_a,Log_b,Log_R2,Power_a,Power_b,Power_R2,Sat_a,Sat_b,Sat_R2
TRIBE,power_law,0.9287335152333958,0.7578839805814681,0.44605004095851986,0.9136861789202515,1.2174572911415276,0.25229383588768806,0.9287335152333958,4.093003601896028,17.04126571234992,0.7231772556117599
uniform_sphere,saturating,0.9972554946929744,10.197521416360724,-14.85334662235372,0.989357729794131,3.181719204661303,0.4881263083053344,0.9616516341781314,39.846969304604166,51.60257026292227,0.9972554946929744
gaussian_cloud,saturating,0.9972605247583339,10.210225002845005,-14.83742864665409,0.9895075022036633,3.2061316073454846,0.48699862229030877,0.9612700146007471,39.879911718578946,51.329784751249555,0.9972605247583339
sparse,saturating,0.996086507177208,9.421028314622578,-14.693990523277636,0.9753127443089157,2.273996727478065,0.5358481811418342,0.9807393016115082,38.4773931797916,65.75110610546729,0.996086507177208
manifold,saturating,0.9971898212471222,10.160361259296709,-14.745818783771808,0.9895826352978245,3.199293164690884,0.48655174999136264,0.9613342079914654,39.68934897478174,51.237430834047395,0.9971898212471222
hierarchical,saturating,0.9978793405235657,9.904106131495057,-15.186586460548629,0.985406657469567,2.678021619169302,0.5130368799443492,0.9669547908875978,38.99986675752032,57.61856638740358,0.9978793405235657
