{
  "low": {
    "DET": 0.0,
    "F": 0.005274549098196393,
    "C": 0.0,
    "alpha": 0.07243430285442878
  },
  "mid": {
    "DET": 0.0,
    "F": 0.006108216432865732,
    "C": 0.0,
    "alpha": 0.07791601969348151
  },
  "high": {
    "DET": 0.0,
    "F": 0.003535070140280561,
    "C": 0.0,
    "alpha": 0.05935127142179733
  }
}