{
  "mean_auroc": 0.9875,
  "std_auroc": 0.024999999999999998,
  "perm_mean": 0.9988499999999999,
  "perm_std": 0.002013082213919748,
  "n_samples": 40
}