{
  "subjects": 4,
  "lag_summary": {
    "1": 0.035393824577874045,
    "2": 0.03254927571357189,
    "3": 0.02158396384033993,
    "4": 0.016629844082070473,
    "5": 0.018235959628207073,
    "6": 0.0033715658945572997,
    "7": 0.012335447759677813,
    "8": 0.00775558838294947,
    "9": -0.0008341845484033973,
    "10": 0.006017742115902166
  },
  "best_lag": 1,
  "best_gain": 0.035393824577874045,
  "verdict": "NEAR_MARKOV_RANDOM"
}