{
    "operators": [
        "identity",
        "tanh",
        "relu",
        "softplus",
        "sigmoid"
    ],
    "phi": {
        "identity": {
            "F": 0.06708888888888889,
            "DET": 0.16793640278237826,
            "alpha": 2.245844488053905
        },
        "tanh": {
            "F": 0.035777777777777776,
            "DET": 0.1391304347826087,
            "alpha": 2.3895412322718066
        },
        "relu": {
            "F": 0.06708888888888889,
            "DET": 0.16793640278237826,
            "alpha": 2.245844488053905
        },
        "softplus": {
            "F": 0.0662,
            "DET": 0.16717019133937563,
            "alpha": 2.2295993958182527
        },
        "sigmoid": {
            "F": 0.04582222222222222,
            "DET": 0.15324927255092144,
            "alpha": 2.3697882051960386
        }
    },
    "distance_matrix": [
        [
            0.0,
            0.14986301668604293,
            0.0,
            0.016287425369806655,
            0.126609746562246
        ],
        [
            0.14986301668604293,
            0.0,
            0.14986301668604293,
            0.16520632736319876,
            0.026275740194740247
        ],
        [
            0.0,
            0.14986301668604293,
            0.0,
            0.016287425369806655,
            0.126609746562246
        ],
        [
            0.016287425369806655,
            0.16520632736319876,
            0.016287425369806655,
            0.0,
            0.1423444697971664
        ],
        [
            0.126609746562246,
            0.026275740194740247,
            0.126609746562246,
            0.1423444697971664,
            0.0
        ]
    ]
}