{
  "operators": [
    "identity",
    "tanh_0.5",
    "tanh_1.0",
    "tanh_2.0",
    "sigmoid",
    "softplus",
    "relu",
    "scaled_0.5",
    "scaled_2.0"
  ],
  "correlation_matrix": [
    [
      1.0,
      0.6190476190476191,
      0.04761904761904763,
      0.28571428571428575,
      0.4285714285714286,
      0.9523809523809524,
      1.0,
      0.6190476190476191,
      0.7857142857142858
    ],
    [
      0.6190476190476191,
      1.0,
      0.0,
      0.5714285714285715,
      0.4761904761904762,
      0.5714285714285715,
      0.6190476190476191,
      0.6904761904761906,
      0.28571428571428575
    ],
    [
      0.04761904761904763,
      0.0,
      1.0,
      0.2142857142857143,
      0.4285714285714286,
      -0.19047619047619052,
      0.04761904761904763,
      0.0,
      0.3333333333333334
    ],
    [
      0.28571428571428575,
      0.5714285714285715,
      0.2142857142857143,
      1.0,
      0.4047619047619048,
      0.11904761904761905,
      0.28571428571428575,
      0.19047619047619052,
      0.0
    ],
    [
      0.4285714285714286,
      0.4761904761904762,
      0.4285714285714286,
      0.4047619047619048,
      1.0,
      0.19047619047619052,
      0.4285714285714286,
      0.09523809523809526,
      0.5714285714285715
    ],
    [
      0.9523809523809524,
      0.5714285714285715,
      -0.19047619047619052,
      0.11904761904761905,
      0.19047619047619052,
      1.0,
      0.9523809523809524,
      0.6428571428571429,
      0.6666666666666669
    ],
    [
      1.0,
      0.6190476190476191,
      0.04761904761904763,
      0.28571428571428575,
      0.4285714285714286,
      0.9523809523809524,
      1.0,
      0.6190476190476191,
      0.7857142857142858
    ],
    [
      0.6190476190476191,
      0.6904761904761906,
      0.0,
      0.19047619047619052,
      0.09523809523809526,
      0.6428571428571429,
      0.6190476190476191,
      1.0,
      0.19047619047619052
    ],
    [
      0.7857142857142858,
      0.28571428571428575,
      0.3333333333333334,
      0.0,
      0.5714285714285715,
      0.6666666666666669,
      0.7857142857142858,
      0.19047619047619052,
      1.0
    ]
  ],
  "accuracy_map": {
    "model_seed0": 0.891,
    "model_seed1": 0.886,
    "model_seed2": 0.881,
    "model_seed3": 0.893,
    "model_seed4": 0.896,
    "model_seed5": 0.894,
    "model_seed6": 0.89,
    "model_seed7": 0.893
  },
  "min_correlation": -0.19047619047619052,
  "max_correlation": 1.0,
  "mean_correlation": 0.4146825396825397,
  "case": "CASE 3: NO INVARIANCE"
}