{
    "operators": [
        "identity",
        "tanh",
        "relu",
        "softplus",
        "sigmoid"
    ],
    "phi": {
        "identity": {
            "F": 0.07135555555555556,
            "DET": 0.17440049828713797,
            "alpha": 2.250299098810514
        },
        "tanh": {
            "F": 0.03668888888888889,
            "DET": 0.16111447607510598,
            "alpha": 2.4004406532893947
        },
        "relu": {
            "F": 0.07135555555555556,
            "DET": 0.17440049828713797,
            "alpha": 2.250299098810514
        },
        "softplus": {
            "F": 0.0706,
            "DET": 0.16997167138810199,
            "alpha": 2.2362839585551284
        },
        "sigmoid": {
            "F": 0.0488,
            "DET": 0.15710382513661203,
            "alpha": 2.375744743343423
        }
    },
    "distance_matrix": [
        [
            0.0,
            0.154663449286931,
            0.0,
            0.01471766042131991,
            0.12862557179959513
        ],
        [
            0.154663449286931,
            0.0,
            0.154663449286931,
            0.1678565869773414,
            0.02779662392010352
        ],
        [
            0.0,
            0.154663449286931,
            0.0,
            0.01471766042131991,
            0.12862557179959513
        ],
        [
            0.01471766042131991,
            0.1678565869773414,
            0.01471766042131991,
            0.0,
            0.14173966262454193
        ],
        [
            0.12862557179959513,
            0.02779662392010352,
            0.12862557179959513,
            0.14173966262454193,
            0.0
        ]
    ]
}