{"chb01_04.edf": {"file": "chb01_04.edf", "real": {"k": 1.4223997223829885, "pc1": 0.5120278361462437, "dim": 5}, "A_pr": {"k": 0.0362149054319576, "pc1": 0.1248600501458601, "dim": 15}, "D_cp": {"k": 0.056719181707906685, "pc1": 0.5120278361462439, "dim": 5}, "C_bt": {"k": 7.711184204811927, "pc1": 0.548273734371234, "dim": 5}, "E_wn": {"k": 0.05643114309739028, "pc1": 0.12742272561773918, "dim": 15}}, "chb02_01.edf": {"file": "chb02_01.edf", "real": {"k": 3.713362341424138, "pc1": 0.4044399241611531, "dim": 5}, "A_pr": {"k": 0.20566068235617907, "pc1": 0.14502893261477803, "dim": 12}, "D_cp": {"k": 0.09858895616662666, "pc1": 0.4044399241611534, "dim": 5}, "C_bt": {"k": 5.068286605607929, "pc1": 0.42911752908463535, "dim": 5}, "E_wn": {"k": 0.08841216087027615, "pc1": 0.14369737903940785, "dim": 12}}, "chb03_01.edf": {"file": "chb03_01.edf", "real": {"k": 8.792457825835648, "pc1": 0.7955543113091817, "dim": 2}, "A_pr": {"k": -0.43971342151868775, "pc1": 0.1919839045784912, "dim": 9}, "D_cp": {"k": 1.591609033898962, "pc1": 0.7955543113091817, "dim": 2}, "C_bt": {"k": 15.331159576190672, "pc1": 0.8187270300774284, "dim": 1}, "E_wn": {"k": 0.08841216087027748, "pc1": 0.18955576365931057, "dim": 9}}, "chb04_01.edf": {"file": "chb04_01.edf", "real": {"k": 18.882387228840496, "pc1": 0.6436013346550089, "dim": 2}, "A_pr": {"k": -0.2566132089716078, "pc1": 0.15671966890046354, "dim": 12}, "D_cp": {"k": 2.6970106911825935, "pc1": 0.6436013346550086, "dim": 2}, "C_bt": {"k": 21.100399439582024, "pc1": 0.6908693813019552, "dim": 2}, "E_wn": {"k": -0.05250714891321007, "pc1": 0.15738504481604546, "dim": 12}}}