{
  "layer_0": {
    "lambda": [
      0.0,
      0.1,
      0.2,
      0.30000000000000004,
      0.4,
      0.5,
      0.6000000000000001,
      0.7000000000000001,
      0.8,
      0.9,
      1.0,
      1.1,
      1.2000000000000002,
      1.3,
      1.4000000000000001,
      1.5,
      1.6,
      1.7000000000000002,
      1.8,
      1.9000000000000001,
      2.0
    ],
    "alpha": [
      0.0,
      1.39105339824561e-31,
      1.39105339824561e-31,
      1.39105339824561e-31,
      1.39105339824561e-31,
      1.39105339824561e-31,
      1.39105339824561e-31,
      1.39105339824561e-31,
      1.39105339824561e-31,
      1.39105339824561e-31,
      1.39105339824561e-31,
      1.39105339824561e-31,
      1.39105339824561e-31,
      1.39105339824561e-31,
      1.39105339824561e-31,
      1.39105339824561e-31,
      1.39105339824561e-31,
      1.39105339824561e-31,
      1.39105339824561e-31,
      1.39105339824561e-31,
      1.39105339824561e-31
    ],
    "det": [
      0.9999396208187417,
      1.0,
      1.0,
      1.0,
      1.0,
      1.0,
      1.0,
      1.0,
      1.0,
      1.0,
      1.0,
      1.0,
      1.0,
      1.0,
      1.0,
      1.0,
      1.0,
      1.0,
      1.0,
      1.0,
      1.0
    ],
    "d_alpha": [
      1.39105339824561e-30,
      6.955266991228049e-31,
      -1.7516230804060213e-46,
      -8.758115402030107e-47,
      0.0,
      8.758115402030107e-47,
      -8.758115402030107e-47,
      0.0,
      0.0,
      0.0,
      8.758115402030107e-47,
      0.0,
      1.7516230804060213e-46,
      -1.7516230804060213e-46,
      1.7516230804060213e-46,
      -1.7516230804060213e-46,
      0.0,
      1.7516230804060213e-46,
      -1.7516230804060213e-46,
      1.7516230804060213e-46,
      0.0
    ],
    "d_det": [
      0.0006037918125834096,
      0.0003018959062917048,
      -8.881784197001252e-16,
      0.0,
      0.0,
      0.0,
      0.0,
      0.0,
      0.0,
      0.0,
      0.0,
      0.0,
      8.881784197001252e-16,
      -8.881784197001252e-16,
      8.881784197001252e-16,
      -8.881784197001252e-16,
      0.0,
      8.881784197001252e-16,
      -8.881784197001252e-16,
      8.881784197001252e-16,
      0.0
    ]
  },
  "layer_1": {
    "lambda": [
      0.0,
      0.1,
      0.2,
      0.30000000000000004,
      0.4,
      0.5,
      0.6000000000000001,
      0.7000000000000001,
      0.8,
      0.9,
      1.0,
      1.1,
      1.2000000000000002,
      1.3,
      1.4000000000000001,
      1.5,
      1.6,
      1.7000000000000002,
      1.8,
      1.9000000000000001,
      2.0
    ],
    "alpha": [
      0.0,
      1.39105339824561e-31,
      1.39105339824561e-31,
      1.39105339824561e-31,
      1.39105339824561e-31,
      1.39105339824561e-31,
      1.39105339824561e-31,
      1.39105339824561e-31,
      1.39105339824561e-31,
      1.39105339824561e-31,
      1.39105339824561e-31,
      1.39105339824561e-31,
      1.39105339824561e-31,
      1.39105339824561e-31,
      1.39105339824561e-31,
      1.39105339824561e-31,
      1.39105339824561e-31,
      1.39105339824561e-31,
      1.39105339824561e-31,
      1.39105339824561e-31,
      1.39105339824561e-31
    ],
    "det": [
      0.9999396208187417,
      1.0,
      1.0,
      1.0,
      1.0,
      1.0,
      1.0,
      1.0,
      1.0,
      1.0,
      1.0,
      1.0,
      1.0,
      1.0,
      1.0,
      1.0,
      1.0,
      1.0,
      1.0,
      1.0,
      1.0
    ],
    "d_alpha": [
      1.39105339824561e-30,
      6.955266991228049e-31,
      -1.7516230804060213e-46,
      -8.758115402030107e-47,
      0.0,
      8.758115402030107e-47,
      -8.758115402030107e-47,
      0.0,
      0.0,
      0.0,
      8.758115402030107e-47,
      0.0,
      1.7516230804060213e-46,
      -1.7516230804060213e-46,
      1.7516230804060213e-46,
      -1.7516230804060213e-46,
      0.0,
      1.7516230804060213e-46,
      -1.7516230804060213e-46,
      1.7516230804060213e-46,
      0.0
    ],
    "d_det": [
      0.0006037918125834096,
      0.0003018959062917048,
      -8.881784197001252e-16,
      0.0,
      0.0,
      0.0,
      0.0,
      0.0,
      0.0,
      0.0,
      0.0,
      0.0,
      8.881784197001252e-16,
      -8.881784197001252e-16,
      8.881784197001252e-16,
      -8.881784197001252e-16,
      0.0,
      8.881784197001252e-16,
      -8.881784197001252e-16,
      8.881784197001252e-16,
      0.0
    ]
  },
  "layer_2": {
    "lambda": [
      0.0,
      0.1,
      0.2,
      0.30000000000000004,
      0.4,
      0.5,
      0.6000000000000001,
      0.7000000000000001,
      0.8,
      0.9,
      1.0,
      1.1,
      1.2000000000000002,
      1.3,
      1.4000000000000001,
      1.5,
      1.6,
      1.7000000000000002,
      1.8,
      1.9000000000000001,
      2.0
    ],
    "alpha": [
      0.0,
      0.1992982329154933,
      1.39105339824561e-31,
      1.39105339824561e-31,
      1.39105339824561e-31,
      1.39105339824561e-31,
      1.39105339824561e-31,
      1.39105339824561e-31,
      1.39105339824561e-31,
      1.39105339824561e-31,
      1.39105339824561e-31,
      1.39105339824561e-31,
      1.39105339824561e-31,
      1.39105339824561e-31,
      1.39105339824561e-31,
      1.39105339824561e-31,
      1.39105339824561e-31,
      1.39105339824561e-31,
      1.39105339824561e-31,
      1.39105339824561e-31,
      1.39105339824561e-31
    ],
    "det": [
      0.9999396208187417,
      1.0,
      1.0,
      1.0,
      1.0,
      1.0,
      1.0,
      1.0,
      1.0,
      1.0,
      1.0,
      1.0,
      1.0,
      1.0,
      1.0,
      1.0,
      1.0,
      1.0,
      1.0,
      1.0,
      1.0
    ],
    "d_alpha": [
      1.9929823291549331,
      6.955266991228049e-31,
      -0.9964911645774668,
      -8.758115402030107e-47,
      0.0,
      8.758115402030107e-47,
      -8.758115402030107e-47,
      0.0,
      0.0,
      0.0,
      8.758115402030107e-47,
      0.0,
      1.7516230804060213e-46,
      -1.7516230804060213e-46,
      1.7516230804060213e-46,
      -1.7516230804060213e-46,
      0.0,
      1.7516230804060213e-46,
      -1.7516230804060213e-46,
      1.7516230804060213e-46,
      0.0
    ],
    "d_det": [
      0.0006037918125834096,
      0.0003018959062917048,
      -8.881784197001252e-16,
      0.0,
      0.0,
      0.0,
      0.0,
      0.0,
      0.0,
      0.0,
      0.0,
      0.0,
      8.881784197001252e-16,
      -8.881784197001252e-16,
      8.881784197001252e-16,
      -8.881784197001252e-16,
      0.0,
      8.881784197001252e-16,
      -8.881784197001252e-16,
      8.881784197001252e-16,
      0.0
    ]
  }
}