{
  "correlations": {
    "CDI": {
      "pearson_r": 0.10357902132349964,
      "pearson_p": 0.03838965412253403,
      "spearman_r": 0.11464009150057186,
      "spearman_p": 0.021836973609481634
    },
    "chi_torsion": {
      "pearson_r": -0.42099971220811605,
      "pearson_p": 1.2936678021371094e-18,
      "spearman_r": -0.38741848386552413,
      "spearman_p": 8.963994313031616e-16
    },
    "l2_norm": {
      "pearson_r": 0.20436645681279197,
      "pearson_p": 3.8203982120283327e-05,
      "spearman_r": 0.031162507265670412,
      "spearman_p": 0.5343031690491042
    },
    "variance": {
      "pearson_r": -0.25721244478489086,
      "pearson_p": 1.8266261652935743e-07,
      "spearman_r": -0.24038850242814014,
      "spearman_p": 1.14901210110743e-06
    },
    "std": {
      "pearson_r": -0.2853531909550102,
      "pearson_p": 6.230569819330298e-09,
      "spearman_r": -0.20161494759342244,
      "spearman_p": 4.876634660954627e-05
    },
    "random": {
      "pearson_r": -0.07527492624299031,
      "pearson_p": 0.13285966404688773,
      "spearman_r": -0.07149700935630847,
      "spearman_p": 0.1534956562916994
    }
  },
  "partial_correlations": {
    "cdi_given_norm": {
      "r": 0.07795433277887996,
      "p": 0.11957095476144086
    },
    "chi_given_norm": {
      "r": -0.44234235747509526,
      "p": 1.3595021199697336e-20
    },
    "chi_given_var": {
      "r": -0.4506336624946832,
      "p": 2.119726375279238e-21
    }
  },
  "spin_permutation": {
    "chi": {
      "z": -8.470952661516165,
      "p": 0.0
    },
    "cdi": {
      "z": 1.9546961776928011,
      "p": 0.039
    }
  },
  "ridge_regression": {
    "r2": 0.3309139896531398,
    "coefficients": {
      "CDI": 0.20896801709900714,
      "\u03c7": -1.792418076086923,
      "L2 Norm": 1.0130482047278981,
      "Variance": -1.2187014377345804,
      "Random": -0.23286317730811662
    }
  }
}