{
  "correlations": {
    "CDI": {
      "pearson_r": 0.10357902132349964,
      "pearson_p": 0.03838965412253403,
      "spearman_r": 0.11464009150057186,
      "spearman_p": 0.021836973609481634
    },
    "chi_torsion": {
      "pearson_r": -0.18333215552432508,
      "pearson_p": 0.00022739494270118945,
      "spearman_r": -0.3021105131907074,
      "spearman_p": 6.91535997359857e-10
    },
    "l2_norm": {
      "pearson_r": 0.20436645681279197,
      "pearson_p": 3.8203982120283327e-05,
      "spearman_r": 0.031162507265670412,
      "spearman_p": 0.5343031690491042
    },
    "variance": {
      "pearson_r": -0.25721244478489086,
      "pearson_p": 1.8266261652935743e-07,
      "spearman_r": -0.24038850242814014,
      "spearman_p": 1.14901210110743e-06
    },
    "std": {
      "pearson_r": -0.2853531909550102,
      "pearson_p": 6.230569819330298e-09,
      "spearman_r": -0.20161494759342244,
      "spearman_p": 4.876634660954627e-05
    },
    "random": {
      "pearson_r": -0.07527492624299031,
      "pearson_p": 0.13285966404688773,
      "spearman_r": -0.07149700935630847,
      "spearman_p": 0.1534956562916994
    }
  },
  "partial_correlations": {
    "cdi_given_norm": {
      "r": 0.07795433277887996,
      "p": 0.11957095476144086
    },
    "chi_given_norm": {
      "r": -0.29667584361716964,
      "p": 1.4329922727375857e-09
    },
    "chi_given_var": {
      "r": -0.21938071904578632,
      "p": 9.51376817033054e-06
    }
  },
  "spin_permutation": {
    "chi": {
      "z": -3.6011744587984915,
      "p": 0.0
    },
    "cdi": {
      "z": 1.9546961776928011,
      "p": 0.039
    }
  },
  "ridge_regression": {
    "r2": 0.24393532742625912,
    "coefficients": {
      "CDI": 0.20600522814643973,
      "\u03c7": -1.4676820516886817,
      "L2 Norm": 1.5079030678517547,
      "Variance": -1.3334408453245503,
      "Random": -0.19981353549375763
    }
  }
}