{
  "domain_results": {
    "EEG": {
      "Level0_Original": {
        "survival_rate": 1.0,
        "orig_entropy_mean": 7.486828992744461,
        "dest_entropy_mean": 7.486828992744461,
        "orig_pred_mean": -20.47143172463374,
        "dest_pred_mean": -20.47143172463374,
        "spectral_div_mean": 0.0
      },
      "Level1_MeanVar": {
        "survival_rate": 0.9881675557071921,
        "orig_entropy_mean": 7.486828992744461,
        "dest_entropy_mean": 7.273353358920932,
        "orig_pred_mean": -20.47143172463374,
        "dest_pred_mean": -20.229204649157,
        "spectral_div_mean": 0.8330703543599022
      },
      "Level2_Covariance": {
        "survival_rate": 1.0,
        "orig_entropy_mean": 7.486828992744461,
        "dest_entropy_mean": 6.190561997767798,
        "orig_pred_mean": -20.47143172463374,
        "dest_pred_mean": -25.50966073648578,
        "spectral_div_mean": 0.4806092924462621
      },
      "Level3_Spectrum": {
        "survival_rate": 1.0,
        "orig_entropy_mean": 7.486828992744461,
        "dest_entropy_mean": 6.342979306853553,
        "orig_pred_mean": -20.47143172463374,
        "dest_pred_mean": -24.98115997714564,
        "spectral_div_mean": 0.09233073745591107
      },
      "Level4_Autocorr": {
        "survival_rate": -1.8048577935366708,
        "orig_entropy_mean": 7.486828992744461,
        "dest_entropy_mean": -2.0139416899353444,
        "orig_pred_mean": -20.47143172463374,
        "dest_pred_mean": 36.94802309305725,
        "spectral_div_mean": 0.40506762558478615
      },
      "Level5_Pairwise": {
        "survival_rate": 0.6742802715060491,
        "orig_entropy_mean": 7.486828992744461,
        "dest_entropy_mean": 3.2323587594756504,
        "orig_pred_mean": -20.47143172463374,
        "dest_pred_mean": -13.80348254140291,
        "spectral_div_mean": 0.8306175819024152
      },
      "Level6_Nonlinear": {
        "survival_rate": 1.0,
        "orig_entropy_mean": 7.486828992744461,
        "dest_entropy_mean": 7.486828992744461,
        "orig_pred_mean": -20.47143172463374,
        "dest_pred_mean": -21.44389295544857,
        "spectral_div_mean": 0.8268282527740227
      },
      "Level7_Recurrence": {
        "survival_rate": 0.936801607715917,
        "orig_entropy_mean": 7.486828992744461,
        "dest_entropy_mean": 7.446146579771129,
        "orig_pred_mean": -20.47143172463374,
        "dest_pred_mean": -19.17767015188258,
        "spectral_div_mean": 0.012469286045620642
      },
      "Level8_CausalLag": {
        "survival_rate": 0.8673498784172345,
        "orig_entropy_mean": 7.486828992744461,
        "dest_entropy_mean": 7.426764907487492,
        "orig_pred_mean": -20.47143172463374,
        "dest_pred_mean": -17.755893817386927,
        "spectral_div_mean": 0.04676051725881408
      },
      "Level9_MaxEntropy": {
        "survival_rate": 1.0,
        "orig_entropy_mean": 7.486828992744461,
        "dest_entropy_mean": 7.486828992744461,
        "orig_pred_mean": -20.47143172463374,
        "dest_pred_mean": -21.493675658793112,
        "spectral_div_mean": 0.8395179200150165
      }
    },
    "Financial": {
      "Level0_Original": {
        "survival_rate": 1.0,
        "orig_entropy_mean": 6.901662077280579,
        "dest_entropy_mean": 6.901662077280579,
        "orig_pred_mean": -9.343091657404328,
        "dest_pred_mean": -9.343091657404328,
        "spectral_div_mean": 0.0
      },
      "Level1_MeanVar": {
        "survival_rate": 1.0,
        "orig_entropy_mean": 6.901662077280579,
        "dest_entropy_mean": 6.930231271086898,
        "orig_pred_mean": -9.343091657404328,
        "dest_pred_mean": -9.56332902094961,
        "spectral_div_mean": 0.0909615045428696
      },
      "Level2_Covariance": {
        "survival_rate": 1.0,
        "orig_entropy_mean": 6.901662077280579,
        "dest_entropy_mean": 7.414164080971234,
        "orig_pred_mean": -9.343091657404328,
        "dest_pred_mean": -17.336141541291866,
        "spectral_div_mean": 0.5180434648457629
      },
      "Level3_Spectrum": {
        "survival_rate": 1.0,
        "orig_entropy_mean": 6.901662077280579,
        "dest_entropy_mean": 7.312067715001543,
        "orig_pred_mean": -9.343091657404328,
        "dest_pred_mean": -16.61171351480185,
        "spectral_div_mean": 0.0451328984420954
      },
      "Level4_Autocorr": {
        "survival_rate": 1.0,
        "orig_entropy_mean": 6.901662077280579,
        "dest_entropy_mean": 5.315514711269913,
        "orig_pred_mean": -9.343091657404328,
        "dest_pred_mean": -23.584713658980956,
        "spectral_div_mean": 0.35450772992068835
      },
      "Level5_Pairwise": {
        "survival_rate": 1.0,
        "orig_entropy_mean": 6.901662077280579,
        "dest_entropy_mean": 6.9335522519146116,
        "orig_pred_mean": -9.343091657404328,
        "dest_pred_mean": -24.206617341555592,
        "spectral_div_mean": 0.0934465056807885
      },
      "Level6_Nonlinear": {
        "survival_rate": 1.0,
        "orig_entropy_mean": 6.901662077280579,
        "dest_entropy_mean": 6.901662077280579,
        "orig_pred_mean": -9.343091657404328,
        "dest_pred_mean": -9.367438486327533,
        "spectral_div_mean": 0.09234536070585367
      },
      "Level7_Recurrence": {
        "survival_rate": 0.9295716362618522,
        "orig_entropy_mean": 6.901662077280579,
        "dest_entropy_mean": 6.838826785970719,
        "orig_pred_mean": -9.343091657404328,
        "dest_pred_mean": -8.685072999716873,
        "spectral_div_mean": 0.006451570129509778
      },
      "Level8_CausalLag": {
        "survival_rate": 0.8062194196303668,
        "orig_entropy_mean": 6.901662077280579,
        "dest_entropy_mean": 6.703178260586152,
        "orig_pred_mean": -9.343091657404328,
        "dest_pred_mean": -7.532581933585033,
        "spectral_div_mean": 0.01580870449056733
      },
      "Level9_MaxEntropy": {
        "survival_rate": 1.0,
        "orig_entropy_mean": 6.901662077280579,
        "dest_entropy_mean": 6.901662077280579,
        "orig_pred_mean": -9.343091657404328,
        "dest_pred_mean": -9.368435902101952,
        "spectral_div_mean": 0.09418134179996772
      }
    },
    "Ecological": {
      "Level0_Original": {
        "survival_rate": 1.0,
        "orig_entropy_mean": 6.7061121441492,
        "dest_entropy_mean": 6.7061121441492,
        "orig_pred_mean": -26.140907971251814,
        "dest_pred_mean": -26.140907971251814,
        "spectral_div_mean": 0.0
      },
      "Level1_MeanVar": {
        "survival_rate": 0.9329739566505616,
        "orig_entropy_mean": 6.7061121441492,
        "dest_entropy_mean": 6.422266248346409,
        "orig_pred_mean": -26.140907971251814,
        "dest_pred_mean": -24.38878634037608,
        "spectral_div_mean": 0.8142426704651533
      },
      "Level2_Covariance": {
        "survival_rate": 0.6074111511852132,
        "orig_entropy_mean": 6.7061121441492,
        "dest_entropy_mean": 3.7514062844863583,
        "orig_pred_mean": -26.140907971251814,
        "dest_pred_mean": -15.878279003844172,
        "spectral_div_mean": 0.08068210846768788
      },
      "Level3_Spectrum": {
        "survival_rate": 0.6417672960558356,
        "orig_entropy_mean": 6.7061121441492,
        "dest_entropy_mean": 3.9515002872090945,
        "orig_pred_mean": -26.140907971251814,
        "dest_pred_mean": -16.776379825154073,
        "spectral_div_mean": 0.03397683781649969
      },
      "Level4_Autocorr": {
        "survival_rate": -7.593646789522864,
        "orig_entropy_mean": 6.7061121441492,
        "dest_entropy_mean": -11.656023917681761,
        "orig_pred_mean": -26.140907971251814,
        "dest_pred_mean": 198.5048218911014,
        "spectral_div_mean": 0.1215869636529332
      },
      "Level5_Pairwise": {
        "survival_rate": -1.5758884482569882,
        "orig_entropy_mean": 6.7061121441492,
        "dest_entropy_mean": -2.21307145859228,