{
  "trained": {
    "layer_0": {
      "auc": 1.7542148760330576,
      "det_max": 0.9355371900826446,
      "lambda_10": 0.1,
      "lambda_50": 0.1,
      "lambda_90": 0.1,
      "curvature": 0.055415397999130075
    },
    "layer_1": {
      "auc": 1.7603305785123968,
      "det_max": 0.9404958677685951,
      "lambda_10": 0.1,
      "lambda_50": 0.1,
      "lambda_90": 0.1,
      "curvature": 0.05611135276207048
    },
    "layer_2": {
      "auc": 1.783305785123967,
      "det_max": 0.947107438016529,
      "lambda_10": 0.1,
      "lambda_50": 0.1,
      "lambda_90": 0.1,
      "curvature": 0.05454545454545456
    },
    "inter_layer_variance": 6.571384482729345e-05
  },
  "untrained": {
    "layer_0": {
      "auc": 1.814380165289256,
      "det_max": 0.9619834710743802,
      "lambda_10": 0.1,
      "lambda_50": 0.1,
      "lambda_90": 0.1,
      "curvature": 0.05593736407133538
    },
    "layer_1": {
      "auc": 1.749090909090909,
      "det_max": 0.9289256198347108,
      "lambda_10": 0.1,
      "lambda_50": 0.1,
      "lambda_90": 0.1,
      "curvature": 0.05141365811222273
    },
    "layer_2": {
      "auc": 1.7471074380165292,
      "det_max": 0.9256198347107438,
      "lambda_10": 0.1,
      "lambda_50": 0.1,
      "lambda_90": 0.1,
      "curvature": 0.049760765550239214
    },
    "inter_layer_variance": 0.000265833173421453
  }
}