{
  "domain_results": {
    "EEG": {
      "original": {
        "PermutationEntropy": {
          "mean": 2.88863426771127,
          "std": 0.04133300742189913
        },
        "LempelZiv": {
          "mean": 89.8625,
          "std": 1.6335831016510913
        },
        "TemporalAsymmetry": {
          "mean": 3.449623245581201e-17,
          "std": 4.072477615104744e-17
        },
        "PredictionError": {
          "mean": 0.6489780438588229,
          "std": 0.2871494970969338
        }
      },
      "IAAFT": {
        "PermutationEntropy": {
          "surrogate_mean": 2.893833700816277,
          "survival_ratio": 1.0017999624123848
        },
        "LempelZiv": {
          "surrogate_mean": 90.0125,
          "survival_ratio": 1.0016692168590904
        },
        "TemporalAsymmetry": {
          "surrogate_mean": 2.748855677693023e-17,
          "survival_ratio": 1.0
        },
        "PredictionError": {
          "surrogate_mean": 0.6116976276213734,
          "survival_ratio": 0.9425551964504374
        }
      },
      "TimeReverse": {
        "PermutationEntropy": {
          "surrogate_mean": 2.9066599724034363,
          "survival_ratio": 1.0062402170096971
        },
        "LempelZiv": {
          "surrogate_mean": 90.0125,
          "survival_ratio": 1.0016692168590904
        },
        "TemporalAsymmetry": {
          "surrogate_mean": 2.1004984698796678e-17,
          "survival_ratio": 1.0
        },
        "PredictionError": {
          "surrogate_mean": 0.5937482873522572,
          "survival_ratio": 0.9148973420145778
        }
      },
      "BlockShuffle": {
        "PermutationEntropy": {
          "surrogate_mean": 2.9289464399826906,
          "survival_ratio": 1.0139554434848412
        },
        "LempelZiv": {
          "surrogate_mean": 90.8375,
          "survival_ratio": 1.0108499095840868
        },
        "TemporalAsymmetry": {
          "surrogate_mean": 2.5569158652085946e-17,
          "survival_ratio": 1.0
        },
        "PredictionError": {
          "surrogate_mean": 0.742878400845132,
          "survival_ratio": 1.1446895744391872
        }
      },
      "NonlinearPhase": {
        "PermutationEntropy": {
          "surrogate_mean": 2.8466525384184203,
          "survival_ratio": 0.9854665819892412
        },
        "LempelZiv": {
          "surrogate_mean": 88.55,
          "survival_ratio": 0.98539435248296
        },
        "TemporalAsymmetry": {
          "surrogate_mean": 3.2366478324090394e-17,
          "survival_ratio": 1.0
        },
        "PredictionError": {
          "surrogate_mean": 1.8094881228782598,
          "survival_ratio": 2.0
        }
      },
      "AR_Surrogate": {
        "PermutationEntropy": {
          "surrogate_mean": 2.9199403062258016,
          "survival_ratio": 1.0108376608504808
        },
        "LempelZiv": {
          "surrogate_mean": 90.925,
          "survival_ratio": 1.0118236194185561
        },
        "TemporalAsymmetry": {
          "surrogate_mean": 1.9916449166854293e-17,
          "survival_ratio": 1.0
        },
        "PredictionError": {
          "surrogate_mean": 0.6083544529106824,
          "survival_ratio": 0.9374037514326484
        }
      }
    },
    "Financial": {
      "original": {
        "PermutationEntropy": {
          "mean": 3.1515035492601244,
          "std": 0.010309689997504163
        },
        "LempelZiv": {
          "mean": 98.4,
          "std": 0.874642784226795
        },
        "TemporalAsymmetry": {
          "mean": 3.633234355748352e-17,
          "std": 4.900596098548094e-17
        },
        "PredictionError": {
          "mean": 1.1416831655318573,
          "std": 0.47417272800420424
        }
      },
      "IAAFT": {
        "PermutationEntropy": {
          "surrogate_mean": 3.1502964287344413,
          "survival_ratio": 0.9996169699615389
        },
        "LempelZiv": {
          "surrogate_mean": 98.1625,
          "survival_ratio": 0.997586382113821
        },
        "TemporalAsymmetry": {
          "surrogate_mean": 2.8929097451976754e-17,
          "survival_ratio": 1.0
        },
        "PredictionError": {
          "surrogate_mean": 1.1828102338283273,
          "survival_ratio": 1.0360231888654596
        }
      },
      "TimeReverse": {
        "PermutationEntropy": {
          "surrogate_mean": 3.1522902450592527,
          "survival_ratio": 1.0002496255475621
        },
        "LempelZiv": {
          "surrogate_mean": 98.3125,
          "survival_ratio": 0.9991107723577235
        },
        "TemporalAsymmetry": {
          "surrogate_mean": 2.9488425252917884e-17,
          "survival_ratio": 1.0
        },
        "PredictionError": {
          "surrogate_mean": 1.2299337570644642,
          "survival_ratio": 1.0772986711173016
        }
      },
      "BlockShuffle": {
        "PermutationEntropy": {
          "surrogate_mean": 3.152927857688322,
          "survival_ratio": 1.000451945684317
        },
        "LempelZiv": {
          "surrogate_mean": 98.3375,
          "survival_ratio": 0.999364837398374
        },
        "TemporalAsymmetry": {
          "surrogate_mean": 3.3903247515530256e-17,
          "survival_ratio": 1.0
        },
        "PredictionError": {
          "surrogate_mean": 1.1713112289876988,
          "survival_ratio": 1.0259512133929374
        }
      },
      "NonlinearPhase": {
        "PermutationEntropy": {
          "surrogate_mean": 3.1503415329629325,
          "survival_ratio": 0.9996312819328842
        },
        "LempelZiv": {
          "surrogate_mean": 98.0375,
          "survival_ratio": 0.996316056910569
        },
        "TemporalAsymmetry": {
          "surrogate_mean": 3.208768514326128e-17,
          "survival_ratio": 1.0
        },
        "PredictionError": {
          "surrogate_mean": 3.4531986064349796,
          "survival_ratio": 2.0
        }
      },
      "AR_Surrogate": {
        "PermutationEntropy": {
          "surrogate_mean": 3.151489894983837,
          "survival_ratio": 0.9999956673771506
        },
        "LempelZiv": {
          "surrogate_mean": 98.125,
          "survival_ratio": 0.9972052845528455
        },
        "TemporalAsymmetry": {
          "surrogate_mean": 2.338047682556578e-17,
          "survival_ratio": 1.0
        },
        "PredictionError": {
          "surrogate_mean": 1.2601260989677305,
          "survival_ratio": 1.1037441358616302
        }
      }
    },
    "Ecological": {
      "original": {
        "PermutationEntropy": {
          "mean": 2.9882168017844957,
          "std": 0.037522600613455824
        },
        "LempelZiv": {
          "mean": 86.65,
          "std": 2.17428149051589
        },
        "TemporalAsymmetry": {
          "mean": 3.601298133543187e-17,
          "std": 4.755434851319312e-17
        },
        "PredictionError": {
          "mean": 0.5264439698011916,
          "std": 0.23710371166184657
        }
      },
      "IAAFT": {
        "PermutationEntropy": {
          "surrogate_mean": 3.0084534130510425,
          "survival_ratio": 1.0067721362300293
        },
        "LempelZiv": {
          "surrogate_mean": 88.0875,
          "survival_ratio": 1.016589728793999
        },
        "TemporalAsymmetry": {
          "surrogate_mean": 2.847221650079949e-17,
          "survival_ratio": 1.0
        },
        "PredictionError": {
          "surrogate_mean": 1.505894406014393,
          "survival_ratio": 2.0
        }
      },
      "TimeReverse": {
        "PermutationEntropy": {
          "surrogate_mean": 3.000106923301268,
          "survival_ratio": 1.0039790022965107
        },
        "LempelZiv": {
          "surrogate_mean": 87.1125,
          "survival_ratio": 1.0053375649163299
        },
        "TemporalAsymmetry": {
          "surrogate_mean": 3.370591829676052e-17,
          "survival_ratio": 1.0
        },
        "PredictionError": {
          "surrogate_mean": 0.5048152188475726,