{
  "recursion_prediction": {
    "best_model": "random_forest",
    "r2": 0.9101580510584004,
    "mae": 0.17982557401350888,
    "all_results": {
      "linear": {
        "r2": 0.867332522761193,
        "mae": 0.5245425351721662
      },
      "random_forest": {
        "r2": 0.9101580510584004,
        "mae": 0.17982557401350888
      },
      "gradient_boosting": {
        "r2": 0.8638316189783539,
        "mae": 0.23490200553865373
      },
      "ridge": {
        "r2": 0.7491607019830753,
        "mae": 0.6827933125819268
      }
    }
  },
  "interventions": {
    "A": {
      "delta_var_x1": 0.0,
      "delta_recursion": 0.00031508796984525134
    },
    "B": {
      "delta_var_x1": 0.0024629640173667866,
      "delta_recursion": 0.0014058128910212075
    },
    "C": {
      "delta_var_x1": 0.8423736965201334,
      "delta_recursion": 0.6264379583668664
    },
    "D": {
      "delta_var_x1": NaN,
      "delta_recursion": NaN
    }
  },
  "recursive_rg": {
    "fixed_points": 9,
    "attractors": 8,
    "collapse_regions": 0,
    "critical_threshold": 0.9316861368546575
  },
  "meta_universality": {
    "recursion_threshold": 4.0,
    "self_reference_threshold": 0.9313236375689441,
    "r2": 0.8038403521821015
  },
  "phase_agreement": {
    "with_group": 0.38571428571428573,
    "with_geometry": 0.2857142857142857
  },
  "verdict": "recursive_computational_origin"
}