{
  "analysis": {
    "identity": {
      "r_F_lambda": 0.48424091354981463,
      "r_C_lambda": -0.6458366967830179,
      "r_C_F": 0.00723842338989147,
      "r2_log": 0.01924434261736363,
      "a": 134382193434.09775,
      "b": 347201462001.545
    },
    "tanh": {
      "r_F_lambda": 0.5015164187615755,
      "r_C_lambda": -0.5890537361336365,
      "r_C_F": 0.10885224689564406,
      "r2_log": 0.04158675297441505,
      "a": 180442705731.3143,
      "b": 262501430726.17166
    }
  }
}