{
  "input_dim": 2048,
  "target_dim": 20484,
  "n_pcs": 19,
  "explained_variance_ratio": [
    0.2579353451728821,
    0.12083332985639572,
    0.0852569192647934,
    0.0778009369969368,
    0.05769917741417885,
    0.05180821940302849,
    0.04485931620001793,
    0.04249507188796997,
    0.040295541286468506,
    0.035734448581933975,
    0.03488416224718094,
    0.028341425582766533,
    0.024278612807393074,
    0.021454965695738792,
    0.01971365325152874,
    0.017237719148397446,
    0.014860875904560089,
    0.013207010924816132,
    0.011303395964205265
  ],
  "total_explained_variance": 1.0000001192092896,
  "categories": [
    "abstract",
    "auditory",
    "emotional",
    "factual",
    "logical",
    "memory",
    "motor",
    "simple",
    "social",
    "spatial"
  ],
  "seed": 42,
  "method": "pca_informed_structured_projection",
  "ollama_model": "tinyllama",
  "ollama_embedding_dim": 2048,
  "n_training_samples": 20,
  "projection_stats": {
    "mean": -3.4825582417852274e-08,
    "std": 0.0002209708618465811,
    "min": -0.006407424807548523,
    "max": 0.006303338333964348,
    "non_zero_ratio": 1.0
  }
}