{
  "operators": [
    "identity",
    "tanh_0.5",
    "tanh_1.0",
    "tanh_2.0",
    "sigmoid",
    "softplus",
    "relu",
    "scaled_0.5",
    "scaled_2.0"
  ],
  "distance_matrix": [
    [
      0.0,
      0.38095238095238093,
      0.9523809523809523,
      0.7142857142857142,
      0.5714285714285714,
      0.04761904761904756,
      0.0,
      0.38095238095238093,
      0.2142857142857142
    ],
    [
      0.38095238095238093,
      0.0,
      1.0,
      0.4285714285714285,
      0.5238095238095237,
      0.4285714285714285,
      0.38095238095238093,
      0.3095238095238094,
      0.7142857142857142
    ],
    [
      0.9523809523809523,
      1.0,
      0.0,
      0.7857142857142857,
      0.5714285714285714,
      1.1904761904761905,
      0.9523809523809523,
      1.0,
      0.6666666666666665
    ],
    [
      0.7142857142857142,
      0.4285714285714285,
      0.7857142857142857,
      0.0,
      0.5952380952380951,
      0.8809523809523809,
      0.7142857142857142,
      0.8095238095238095,
      1.0
    ],
    [
      0.5714285714285714,
      0.5238095238095237,
      0.5714285714285714,
      0.5952380952380951,
      0.0,
      0.8095238095238095,
      0.5714285714285714,
      0.9047619047619048,
      0.4285714285714285
    ],
    [
      0.04761904761904756,
      0.4285714285714285,
      1.1904761904761905,
      0.8809523809523809,
      0.8095238095238095,
      0.0,
      0.04761904761904756,
      0.3571428571428571,
      0.33333333333333315
    ],
    [
      0.0,
      0.38095238095238093,
      0.9523809523809523,
      0.7142857142857142,
      0.5714285714285714,
      0.04761904761904756,
      0.0,
      0.38095238095238093,
      0.2142857142857142
    ],
    [
      0.38095238095238093,
      0.3095238095238094,
      1.0,
      0.8095238095238095,
      0.9047619047619048,
      0.3571428571428571,
      0.38095238095238093,
      0.0,
      0.8095238095238095
    ],
    [
      0.2142857142857142,
      0.7142857142857142,
      0.6666666666666665,
      1.0,
      0.4285714285714285,
      0.33333333333333315,
      0.2142857142857142,
      0.8095238095238095,
      0.0
    ]
  ],
  "clusters": {
    "1": {
      "operators": [
        "identity",
        "softplus",
        "relu",
        "scaled_2.0"
      ],
      "size": 4,
      "mean_internal_correlation": 0.8571428571428573,
      "min_internal_correlation": 0.6666666666666669
    },
    "2": {
      "operators": [
        "tanh_0.5"
      ],
      "size": 1,
      "mean_internal_correlation": 1.0,
      "min_internal_correlation": 1.0
    },
    "4": {
      "operators": [
        "tanh_1.0"
      ],
      "size": 1,
      "mean_internal_correlation": 1.0,
      "min_internal_correlation": 1.0
    },
    "6": {
      "operators": [
        "tanh_2.0"
      ],
      "size": 1,
      "mean_internal_correlation": 1.0,
      "min_internal_correlation": 1.0
    },
    "5": {
      "operators": [
        "sigmoid"
      ],
      "size": 1,
      "mean_internal_correlation": 1.0,
      "min_internal_correlation": 1.0
    },
    "3": {
      "operators": [
        "scaled_0.5"
      ],
      "size": 1,
      "mean_internal_correlation": 1.0,
      "min_internal_correlation": 1.0
    }
  },
  "inter_cluster_distances": [
    {
      "cluster_i": "1",
      "cluster_j": "2",
      "mean_distance": 0.4761904761904761,
      "min_distance": 0.38095238095238093
    },
    {
      "cluster_i": "1",
      "cluster_j": "4",
      "mean_distance": 0.9404761904761904,
      "min_distance": 0.6666666666666665
    },
    {
      "cluster_i": "1",
      "cluster_j": "6",
      "mean_distance": 0.8273809523809523,
      "min_distance": 0.7142857142857142
    },
    {
      "cluster_i": "1",
      "cluster_j": "5",
      "mean_distance": 0.5952380952380952,
      "min_distance": 0.4285714285714285
    },
    {
      "cluster_i": "1",
      "cluster_j": "3",
      "mean_distance": 0.48214285714285715,
      "min_distance": 0.3571428571428571
    },
    {
      "cluster_i": "2",
      "cluster_j": "4",
      "mean_distance": 1.0,
      "min_distance": 1.0
    },
    {
      "cluster_i": "2",
      "cluster_j": "6",
      "mean_distance": 0.4285714285714285,
      "min_distance": 0.4285714285714285
    },
    {
      "cluster_i": "2",
      "cluster_j": "5",
      "mean_distance": 0.5238095238095237,
      "min_distance": 0.5238095238095237
    },
    {
      "cluster_i": "2",
      "cluster_j": "3",
      "mean_distance": 0.3095238095238094,
      "min_distance": 0.3095238095238094
    },
    {
      "cluster_i": "4",
      "cluster_j": "6",
      "mean_distance": 0.7857142857142857,
      "min_distance": 0.7857142857142857
    },
    {
      "cluster_i": "4",
      "cluster_j": "5",
      "mean_distance": 0.5714285714285714,
      "min_distance": 0.5714285714285714
    },
    {
      "cluster_i": "4",
      "cluster_j": "3",
      "mean_distance": 1.0,
      "min_distance": 1.0
    },
    {
      "cluster_i": "6",
      "cluster_j": "5",
      "mean_distance": 0.5952380952380951,
      "min_distance": 0.5952380952380951
    },
    {
      "cluster_i": "6",
      "cluster_j": "3",
      "mean_distance": 0.8095238095238095,
      "min_distance": 0.8095238095238095
    },
    {
      "cluster_i": "5",
      "cluster_j": "3",
      "mean_distance": 0.9047619047619048,
      "min_distance": 0.9047619047619048
    }
  ]
}