{
  "epsilon": [
    0.001,
    0.0027825594022071257,
    0.007742636826811269,
    0.021544346900318832,
    0.05994842503189409,
    0.1668100537200059,
    0.46415888336127775,
    1.2915496650148828,
    3.593813663804626,
    10.0
  ],
  "base": {
    "F_total": [
      0.002,
      0.002,
      0.002,
      0.002,
      0.002,
      0.002,
      0.002008,
      0.00376,
      0.050024,
      0.773736
    ],
    "CONC": 0.8226332664489746
  },
  "shuffle": {
    "F_total": [
      0.002,
      0.002,
      0.002,
      0.002,
      0.002,
      0.002,
      0.002008,
      0.00376,
      0.050024,
      0.773736
    ],
    "CONC": 0.8196687698364258
  },
  "phase": {
    "F_total": [
      0.002,
      0.002,
      0.002,
      0.002,
      0.002,
      0.002,
      0.002,
      0.002,
      0.002,
      1.0
    ],
    "CONC": 0.8093007802963257
  },
  "smooth": {
    "F_total": [
      0.002,
      0.002,
      0.002,
      0.002,
      0.002,
      0.002,
      0.002008,
      0.002624,
      0.282768,
      0.99576
    ],
    "CONC": 0.9274829626083374
  },
  "noise": {
    "F_total": [
      0.002,
      0.002,
      0.002,
      0.002,
      0.002,
      0.002,
      0.002,
      0.0022,
      0.042448,
      0.767024
    ],
    "CONC": 0.8310733329184503
  }
}