{
  "remove_temporal": 1.0,
  "remove_statistical": 0.968789013732834,
  "remove_informational": 0.9962406015037594
}