{
  "per_feature": [
    -2.3942103859210335,
    -16.15712341072376,
    -15.36913496833763,
    -24.483787641144023,
    -2.3942103859210335,
    -2.0304442743445112,
    -2.346783792395628,
    -40.703643335325275,
    -16.325496845918188,
    -32.613799941075676,
    -15.162203705143831,
    -10.483772368660645,
    -31.7337750104017
  ],
  "stable_count": 0,
  "total_features": 13
}