{
  "phase": 235,
  "verdict": "GLOBAL_ENTANGLEMENT_FRAGILITY",
  "modularity_index": 0.5333333333333333,
  "firebreak_efficiency": 0.16511125329548784,
  "cascade_containment_score": 0.08713992184864496,
  "compartmentalization_density": 0.16511125329548784,
  "intermodule_dependency": 1.9483180056905978,
  "intramodule_cohesion": 153.36677413882208,
  "failure_localization_index": 0.5975949275688532,
  "recovery_isolation_advantage": 0.6165345861993032,
  "mechanism_scores": {
    "MODULAR_FIREBREAK_RESILIENCE": 0.007673483577867004,
    "GLOBAL_ENTANGLEMENT_FRAGILITY": 0.909215069322279,
    "CASCADE_CONTAINMENT_ARCHITECTURE": 0.04647462498594398,
    "SEMI_INDEPENDENT_RECOVERY_ZONES": 0.3187172947033884,
    "DISTRIBUTED_MODULAR_PERSISTENCE": 0.3288184459729617,
    "UNCONTAINED_CASCADE_DYNAMICS": 0.4260013698039657
  }
}