{
  "phase": 251,
  "name": "Synchronization Threshold Universality Audit",
  "timestamp": "2026-05-11T14:14:37",
  "verdict": "UNIVERSAL_SYNCHRONIZATION_THRESHOLD",
  "confidence": "HIGH",
  "evidence": {
    "topology_k_star_range": 0.0,
    "topology_k_star_mean": 0.03,
    "topology_k_stars": {
      "alltoall": 0.03,
      "erdos_renyi": 0.03,
      "ring_1d": 0.03,
      "scale_free": 0.03,
      "small_world": 0.03
    },
    "heterogeneity_K_vs_sigma_slope": 0.026778444319767523,
    "heterogeneity_K_vs_sigma_r": 0.4330691132723061,
    "heterogeneity_k_stars": {
      "0.01": 0.0,
      "0.05": 0.005,
      "0.1": 0.001,
      "0.2": 0.005,
      "0.4": 0.02,
      "0.8": 0.1,
      "1.6": 0.02
    },
    "noise_K_vs_eta_slope": 0.059154397337325415,
    "noise_K_vs_eta_r": 0.8958392660198861,
    "size_K_vs_logN_slope": 0.14481800981294873,
    "size_K_vs_logN_r": 0.8943196401331844,
    "topology_range": 0.0,
    "heterogeneity_sensitivity": 0.026778444319767523,
    "noise_sensitivity": 0.059154397337325415,
    "size_sensitivity": 0.14481800981294873
  },
  "parameters": {
    "K_sweep": [
      0.0,
      0.001,
      0.005,
      0.01,
      0.02,
      0.03,
      0.05,
      0.07,
      0.1,
      0.15,
      0.2,
      0.3,
      0.5,
      0.8,
      1.0
    ],
    "DNI_threshold": 0.25,
    "default_noise": 0.01,
    "default_freq_range": [
      0.1,
      0.5
    ],
    "default_N": 8,
    "N_time": 10000,
    "dt": 0.01
  },
  "compliance": {
    "lep": true,
    "no_consciousness": true,
    "no_sfh_metaphysics": true
  }
}