{
  "real_auc": 0.5714285714285714,
  "perm_mean": 0.4863520408163266,
  "effect": 0.0850765306122448
}