{
  "phase": 239,
  "verdict": "EXPLORATION_DOMINATED_INSTABILITY",
  "exploration_exploitation_ratio": -1.5025875348058877,
  "attractor_exploration_density": 0.14663461538461536,
  "persistence_locking_strength": 0.47193383479995776,
  "adaptive_search_efficiency": 0.13404227304790367,
  "instability_search_radius": -0.2674599639187911,
  "novelty_discovery_rate": 1.0179079205727994,
  "collapse_exploration_gain": -2.4210435767474654,
  "stable_state_revisitation": 0.23798076923076922,
  "mechanism_scores": {
    "BALANCED_ADAPTIVE_SEARCH": -1.5334533765293001,
    "RIGID_PERSISTENCE_LOCKING": -0.008451353629214297,
    "COLLAPSE_DRIVEN_EXPLORATION": -2.464399432823145,
    "EXPLORATION_DOMINATED_INSTABILITY": 0.5375227321436273,
    "ADAPTIVE_ATTRACTOR_HOPPING": 0.14926053643014606,
    "PERSISTENCE_TRAP_DYNAMICS": 0.11231117703172071
  }
}