{
    "base_model_r": 0.9303196221824441,
    "interaction_model_r": 0.9324101339684485,
    "delta_r": 0.00209051178600439,
    "coefficients": {
        "logF": 24361.46773563335,
        "Sat": -15811.187124051045,
        "Smooth": 1533.0879249888153,
        "Curv": 15412.738862728156,
        "logF*Sat": 31922.797773072,
        "logF*Curv": -10631.142474874236,
        "Sat*Curv": 4546.277591476002
    },
    "intercept": 465.5102504786446,
    "residual_stats": {
        "mean": -5.275069270282984e-12,
        "std": 1342.570707281757,
        "min": -2067.6051086861953,
        "max": 2529.4040546369724
    }
}