{
    "logistic": {
        "identity": {
            "alpha": 0.6403265231686996,
            "DET": 0.771613428512633,
            "F": 0.021605080812032083,
            "C": 161.52052557781442,
            "DET_curve": [
                0.9337641357027464,
                0.9159159159159159,
                0.900990099009901,
                0.8739076154806492,
                0.8432671081677704,
                0.8059273422562141,
                0.7917341977309562,
                0.776673293571902,
                0.7629904559915165,
                0.7349498327759197,
                0.7122442351412797,
                0.698636926889715,
                0.6856825338025561,
                0.6891454315078136,
                0.7054403048264183,
                0.7080992509363296,
                0.7204801286469101,
                0.7113333054428315,
                0.7188439019856881,
                0.7422425544696287
            ]
        },
        "tanh_1": {
            "alpha": 0.65841572274323,
            "DET": 0.6148909924613661,
            "F": 0.0119491266631344,
            "C": 73.6732544036848,
            "DET_curve": [
                0.8687022900763359,
                0.8467048710601719,
                0.7905491698595147,
                0.750285062713797,
                0.7225490196078431,
                0.6788135593220339,
                0.6374913852515507,
                0.6039215686274509,
                0.5830748781568453,
                0.5496024887659868,
                0.5274900398406375,
                0.5115161225716003,
                0.5053166897827092,
                0.5095963708270327,
                0.5076856649395509,
                0.5177490281052833,
                0.5194902198776901,
                0.5389544805488803,
                0.5547112462006079,
                0.5736156930917998
            ]
        },
        "relu": {
            "alpha": 0.6403265231686996,
            "DET": 0.771613428512633,
            "F": 0.021605080812032083,
            "C": 161.52052557781442,
            "DET_curve": [
                0.9337641357027464,
                0.9159159159159159,
                0.900990099009901,
                0.8739076154806492,
                0.8432671081677704,
                0.8059273422562141,
                0.7917341977309562,
                0.776673293571902,
                0.7629904559915165,
                0.7349498327759197,
                0.7122442351412797,
                0.698636926889715,
                0.6856825338025561,
                0.6891454315078136,
                0.7054403048264183,
                0.7080992509363296,
                0.7204801286469101,
                0.7113333054428315,
                0.7188439019856881,
                0.7422425544696287
            ]
        },
        "softplus": {
            "alpha": 0.6382097631509976,
            "DET": 0.8167526656227875,
            "F": 0.01474141896228727,
            "C": 249.9616270234016,
            "DET_curve": [
                0.9462540716612378,
                0.9296636085626911,
                0.9197183098591549,
                0.9094387755102041,
                0.8736017897091722,
                0.83203125,
                0.8360655737704918,
                0.8250336473755047,
                0.8110151187904968,
                0.7931182795698924,
                0.7717717717717718,
                0.767007672634271,
                0.7535871436770614,
                0.7461549518470605,
                0.7649526678141136,
                0.7725141085764248,
                0.7676143386897404,
                0.7617461278878602,
                0.770968456354605,
                0.7827956483939942
            ]
        }
    },
    "harmonic": {
        "identity": {
            "alpha": 0.6836180673448102,
            "DET": 0.7304770939895808,
            "F": 0.05309321782433746,
            "C": 57.265290418771016,
            "DET_curve": [
                0.9560229445506692,
                0.9345794392523364,
                0.9074410163339383,
                0.858603066439523,
                0.8214849921011058,
                0.7773049645390071,
                0.7210718635809987,
                0.6639919759277834,
                0.6211278792692613,
                0.5819916517590936,
                0.5433037600337981,
                0.5252702307917032,
                0.5821514291948505,
                0.6218897637795275,
                0.6397294818890418,
                0.6703269278762166,
                0.7118322943405452,
                0.7571069859205453,
                0.8120953890870657,
                0.9022158231246035
            ]
        },
        "tanh_1": {
            "alpha": 0.7138062411730368,
            "DET": 0.7435244380884136,
            "F": 0.047873982280670385,
            "C": 78.09356094629706,
            "DET_curve": [
                0.9140767824497258,
                0.8695652173913043,
                0.8309178743961353,
                0.7889374090247453,
                0.7325728770595691,
                0.6821541710665259,
                0.6387702818104184,
                0.6133509583608724,
                0.5996986438975389,
                0.5966355140186916,
                0.604982206405694,
                0.6092199961097062,
                0.6534711104642701,
                0.7048500319081047,
                0.7365463754352644,
                0.7828850567947737,
                0.8228910369068542,
                0.8603506918072846,
                0.8963297487462262,
                0.9322827777145675
            ]
        },
        "relu": {
            "alpha": 0.013691248050993908,
            "DET": 0.9901259386970466,
            "F": 0.03781732252858732,
            "C": 27385.71016079082,
            "DET_curve": [
                0.9951969718657061,
                0.9951732309135873,
                0.9951336651770805,
                0.9950782784310919,
                0.994991254571474,
                0.9948727732334915,
                0.9947466719650307,
                0.9945339127809513,
                0.994219194181079,
                0.9937635876033452,
                0.9931055797256496,
                0.9920828258221681,
                0.990108140488051,
                0.9886290764057246,
                0.9873967873859024,
                0.985134428448382,
                0.9829517558105281,
                0.980304200582259,
                0.9781383297366351,
                0.9769581088127933
            ]
        },
        "softplus": {
            "alpha": 0.696135527450943,
            "DET": 0.7388692362624495,
            "F": 0.027981580908138824,
            "C": 69.78628769104067,
            "DET_curve": [
                0.945179584120983,
                0.9107468123861566,
                0.8819444444444444,
                0.8441558441558441,
                0.7868613138686131,
                0.7407407407407407,
                0.6949516648764769,
                0.6453287197231834,
                0.6114819759679573,
                0.5911354581673307,
                0.5766871165644172,
                0.5592796398199099,
                0.6103383458646616,
                0.6580592552324,
                0.6777213424957673,
                0.7205192138457025,
                0.7589964931211222,
                0.8032629941361842,
                0.8498147873759075,
                0.9101789783411871
            ]
        }
    },
    "lorenz": {
        "identity": {
            "alpha": 0.6556517845891329,
            "DET": 0.5121324115616861,
            "F": 0.3077224703805915,
            "C": 16.678583215935305,