{
    "logistic": {
        "identity": {
            "alpha": 0.8129686671767831,
            "DET": 0.7656665749151298,
            "F": 1.3481922400499413,
            "C": 34.549903683138716
        },
        "tanh_1": {
            "alpha": 0.7716480391692777,
            "DET": 0.6409064497385241,
            "F": 1.3432658166205966,
            "C": 38.732790665179145
        },
        "relu": {
            "alpha": 0.8129686671767831,
            "DET": 0.7656665749151298,
            "F": 1.3481922400499413,
            "C": 34.549903683138716
        },
        "softplus": {
            "alpha": 0.8191172898611314,
            "DET": 0.8432288625008111,
            "F": 1.7728179266719464,
            "C": 457.013722644895
        }
    },
    "harmonic": {
        "identity": {
            "alpha": 0.03620693893735148,
            "DET": 0.6086956521739131,
            "F": 1.355345918827533,
            "C": 59.19469442369109
        },
        "tanh_1": {
            "alpha": 0.0990666413604131,
            "DET": 0.6086956521739131,
            "F": 1.5645925470517958,
            "C": 120.95791670722116
        },
        "relu": {
            "alpha": 0.005414948937521469,
            "DET": 0.923943661971831,
            "F": 1.8641701234678303,
            "C": 1933.5598452370186
        },
        "softplus": {
            "alpha": 0.10878060233496831,
            "DET": 0.6666666666666666,
            "F": 1.6891988160278475,
            "C": 236.50179352779483
        }
    },
    "lorenz": {
        "identity": {
            "alpha": 0.5793278399835271,
            "DET": 0.32625994694960214,
            "F": 1.9993099323502794,
            "C": 4633612.623871611
        },
        "tanh_1": {
            "alpha": 0.013835440615200527,
            "DET": 0.9998130733615161,
            "F": 1.9996416481186325,
            "C": 172308735.70545742
        },
        "relu": {
            "alpha": 0.005037891494001937,
            "DET": 0.9998693422961514,
            "F": 1.999716143825813,
            "C": 181103470.4919333
        },
        "softplus": {
            "alpha": 0.10269602158448805,
            "DET": 0.9997524825995268,
            "F": 1.9992978942355668,
            "C": 36494789.52032084
        }
    }
}