{
  "trained": {
    "layer_0": {
      "lambda": [
        0.0,
        0.1,
        0.2,
        0.30000000000000004,
        0.4,
        0.5,
        0.6000000000000001,
        0.7000000000000001,
        0.8,
        0.9,
        1.0,
        1.1,
        1.2000000000000002,
        1.3,
        1.4000000000000001,
        1.5,
        1.6,
        1.7000000000000002,
        1.8,
        1.9000000000000001,
        2.0
      ],
      "det": [
        0.0,
        0.915702479338843,
        0.9305785123966942,
        0.9355371900826446,
        0.9223140495867769,
        0.9041322314049587,
        0.915702479338843,
        0.9190082644628099,
        0.9190082644628099,
        0.9190082644628099,
        0.9272727272727272,
        0.9272727272727272,
        0.9272727272727272,
        0.9305785123966942,
        0.9272727272727272,
        0.9322314049586777,
        0.9223140495867769,
        0.9256198347107438,
        0.9206611570247933,
        0.9206611570247933,
        0.9190082644628099
      ],
      "chi": [
        9.157024793388429,
        4.652892561983471,
        0.09917355371900803,
        -0.04132231404958664,
        -0.15702479338842948,
        -0.03305785123966952,
        0.07438016528925614,
        0.01652892561983477,
        0.0,
        0.041322314049586646,
        0.041322314049586625,
        0.0,
        0.01652892561983477,
        0.0,
        0.008264462809917663,
        -0.02479338842975188,
        -0.033057851239669506,
        -0.008264462809917663,
        -0.024793388429752435,
        -0.008264462809917108,
        -0.016528925619834232
      ],
      "lambda_critical": 0.0,
      "chi_max": 9.157024793388429,
      "var_chi": 4.596837601238159,
      "mean_chi": 0.6552538370720188,
      "sharpness": 13.974774774774776,
      "chi_at_critical": 9.157024793388429
    },
    "layer_1": {
      "lambda": [
        0.0,
        0.1,
        0.2,
        0.30000000000000004,
        0.4,
        0.5,
        0.6000000000000001,
        0.7000000000000001,
        0.8,
        0.9,
        1.0,
        1.1,
        1.2000000000000002,
        1.3,
        1.4000000000000001,
        1.5,
        1.6,
        1.7000000000000002,
        1.8,
        1.9000000000000001,
        2.0
      ],
      "det": [
        0.0,
        0.9256198347107438,
        0.9239669421487603,
        0.9404958677685951,
        0.9322314049586777,
        0.9206611570247933,
        0.9239669421487603,
        0.9140495867768595,
        0.9190082644628099,
        0.9223140495867769,
        0.9289256198347108,
        0.9239669421487603,
        0.9239669421487603,
        0.9272727272727272,
        0.9256198347107438,
        0.9305785123966942,
        0.9322314049586777,
        0.9305785123966942,
        0.9289256198347108,
        0.9289256198347108,
        0.9338842975206612
      ],
      "chi": [
        9.256198347107437,
        4.619834710743802,
        0.07438016528925616,
        0.041322314049587194,
        -0.09917355371900863,
        -0.04132231404958718,
        -0.033057851239668964,
        -0.02479338842975188,
        0.041322314049586646,
        0.049586776859504314,
        0.008264462809917102,
        -0.024793388429752407,
        0.01652892561983477,
        0.008264462809917663,
        0.01652892561983477,
        0.03305785123966954,
        0.0,
        -0.01652892561983477,
        -0.008264462809917108,
        0.02479338842975188,
        0.049586776859503814
      ],
      "lambda_critical": 0.0,
      "chi_max": 9.256198347107437,
      "var_chi": 4.653725033031677,
      "mean_chi": 0.6662731208185755,
      "sharpness": 13.89249852333136,
      "chi_at_critical": 9.256198347107437
    },
    "layer_2": {
      "lambda": [
        0.0,
        0.1,
        0.2,
        0.30000000000000004,
        0.4,
        0.5,
        0.6000000000000001,
        0.7000000000000001,
        0.8,
        0.9,
        1.0,
        1.1,
        1.2000000000000002,
        1.3,
        1.4000000000000001,
        1.5,
        1.6,
        1.7000000000000002,
        1.8,
        1.9000000000000001,
        2.0
      ],
      "det": [
        0.0,
        0.9289256198347108,
        0.9388429752066115,
        0.9322314049586777,
        0.9223140495867769,
        0.9322314049586777,
        0.9388429752066115,
        0.9388429752066115,
        0.943801652892562,
        0.9421487603305785,
        0.943801652892562,
        0.943801652892562,
        0.9454545454545454,
        0.9404958677685951,
        0.9371900826446281,
        0.9305785123966942,
        0.9338842975206612,
        0.947107438016529,
        0.947107438016529,
        0.9454545454545454,
        0.9404958677685951
      ],
      "chi": [
        9.289256198347108,
        4.694214876033057,
        0.016528925619834763,
        -0.08264462809917328,
        0.0,
        0.08264462809917325,
        0.033057851239668964,
        0.024793388429752435,
        0.01652892561983477,
        0.0,
        0.008264462809917657,
        0.008264462809917099,
        -0.01652892561983477,
        -0.041322314049586646,
        -0.049586776859504314,
        -0.01652892561983477,
        0.08264462809917376,
        0.06611570247933908,
        -0.008264462809917663,
        -0.03305785123966954,
        -0.049586776859503814
      ],
      "lambda_critical": 0.0,
      "chi_max": 9.289256198347108,
      "var_chi": 4.714052312635547,
      "mean_chi": 0.6678473042109405,
      "sharpness": 13.909251620506778,
      "chi_at_critical": 9.289256198347108
    }
  },
  "untrained": {
    "layer_0": {
      "lambda": [
        0.0,
        0.1,
        0.2,
        0.30000000000000004,
        0.4,
        0.5,
        0.6000000000000001,
        0.7000000000000001,
        0.8,
        0.9,
        1.0,
        1.1,
        1.2000000000000002,
        1.3,
        1.4000000000000001,
        1.5,
        1.6,
        1.7000000000000002,
        1.8,
        1.9000000000000001,
        2.0
      ],
      "det": [
        0.0,
        0.9570247933884297,
        0.9570247933884297,
        0.9537190082644628,
        0.9553719008264463,
        0.9520661157024793,
        0.9619834710743802,
        0.9586776859504132,
        0.9586776859504132,
        0.9570247933884297,
        0.9586776859504132,
        0.9520661157024793,
        0.9553719008264463,
        0.9520661157024793,
        0.9586776859504132,
        0.9570247933884297,
        0.9520661157024793,
        0.947107438016529,
        0.9487603305785124,
        0.9504132231404959,
        0.9570247933884297
      ],
      "chi": [
        9.570247933884296,
        4.785123966942148,
        -0.016528925619834763,
        -0.008264462809917106,
        -0.008264462809917108,
        0.03305785123966952,
        0.03305785123966952,
        -0.01652892561983477,
        -0.008264462809917663,
        0.0,
        -0.024793388429751866,
        -0.016528925619834753,
        0.0,
        0.01652892561983477,
        0.02479338842975188,
        -0.03305785123966954,
        -0.0495867768595037,
        -0.01652892561983477,
        0.01652892561983477,
        0.041322314049586646,
        0.06611570247933804
      ],
      "lambda_critical": 0.0,
      "chi_max": 9.570247933884296,
      "var_chi": 4.983024869898325,
      "mean_chi": 0.6851633215269578,
      "sharpness": 13.967834577828834,
      "chi_at_critical": 9.570247933884296
    },
    "layer_1": {
      "lambda": [
        0.0,
        0.1,
        0.2,
        0.30000000000000004,
        0.4,
        0.5,
        0.6000000000000001,
        0.7000000000000001,
        0.8,
        0.9,
        1.0,
        1.1,
        1.2000000000000002,
        1.3,
        1.4000000000000001,
        1.5,
        1.6,
        1.7000000000000002,
        1.8,
        1.9000000000000001,
        2.0
      ],