{
  "linear_base": {
    "train_r": 0.6841679113336803,
    "train_r2": 0.46808573089869043,
    "test_r": 0.9965094598187433,
    "test_r2": -0.05333735033498899
  },
  "nonlinear": {
    "train_r": 0.9629189883139287,
    "train_r2": 0.9272129780555197,
    "test_r": 0.9987432066017033,
    "test_r2": -1.8370577400513022
  },
  "ridge": {
    "train_r": 0.6767061178604411,
    "train_r2": 0.4393661304315184,
    "test_r": 0.9963042018572593,
    "test_r2": 0.15278505699098976
  }
}