Analysis,Mean_Kurtosis,Std_Kurtosis,Mean_Skewness,Gaussian_Fraction,N_Outliers,Outlier_Fraction
Full,2.1850038334084916,3.9506025120390396,0.2734545958441339,0.13,33,0.0825
Half1,2.1587644607329306,2.180982749109822,0.5935756646876794,0.2075,42,0.105
Half2,2.090115439305699,1.9084744310698454,0.5928388830344311,0.22,34,0.085
Model_all_nodes,2.1850038334084916,3.9506025120390396,0.2734545958441339,0.13,33,0.0825
Model_sensory_focus,0.016478978372967083,0.7318328384074905,0.08544538494503197,0.8725,1,0.0025
Model_cognitive_focus,2.0290014818044937,1.611313282880243,-0.011327459275278808,0.0,23,0.0575
Model_limbic_focus,1.4466663322237918,0.9875518566099608,0.155332265197626,0.0,4,0.01
