{
  "phase": 200,
  "verdict": "PARTIAL_GENERALIZATION",
  "systems_tested": 5,
  "synthetic_systems": [
    "S1",
    "S2",
    "S3",
    "S4",
    "S5"
  ],
  "resemblances": {
    "S1": 0.0,
    "S2": 0.0,
    "S3": 0.0,
    "S4": 0.0,
    "S5": 0.0
  },
  "closest_to_eeg": "S1",
  "results": {
    "S1": {
      "real": {
        "F1": 0.00602228612634233,
        "F2": 0.005769288718666386,
        "F3": 0.007127443227636288,
        "F4": -0.00029467417259468196,
        "F5": 0.009839285714285714,
        "O1": 0.04978169537123966,
        "O2": 0.046183346884778,
        "O3": 202.40086243696652,
        "O4": 1.5022340227104688e-05,
        "O5": -0.00029467417259468196,
        "O6": 0.009839285714285714,
        "O7": 0.007127443227636288,
        "O8": 0.12939662127536164
      },
      "single": {
        "F1": 0.00602228612634233,
        "F2": 0.005769288718666386,
        "F3": 0.007127443227636288,
        "F4": -0.00029467417259468196,
        "F5": 0.009839285714285714,
        "O1": 0.04978169537123966,
        "O2": 0.046183346884778,
        "O3": 202.40086243696652,
        "O4": 1.5022340227104688e-05,
        "O5": -0.00029467417259468196,
        "O6": 0.009839285714285714,
        "O7": 0.007127443227636288,
        "O8": 0.12939662127536164
      },
      "pair": {
        "F1": 0.00602228612634233,
        "F2": 0.005769288718666386,
        "F3": 0.007127443227636288,
        "F4": -0.00029467417259468196,
        "F5": 0.009839285714285714,
        "O1": 0.04978169537123966,
        "O2": 0.046183346884778,
        "O3": 202.40086243696652,
        "O4": 1.5022340227104688e-05,
        "O5": -0.00029467417259468196,
        "O6": 0.009839285714285714,
        "O7": 0.007127443227636288,
        "O8": 0.12939662127536164
      },
      "triple": {
        "F1": 0.00602228612634233,
        "F2": 0.005769288718666386,
        "F3": 0.007127443227636288,
        "F4": -0.00029467417259468196,
        "F5": 0.009839285714285714,
        "O1": 0.04978169537123966,
        "O2": 0.046183346884778,
        "O3": 202.40086243696652,
        "O4": 1.5022340227104688e-05,
        "O5": -0.00029467417259468196,
        "O6": 0.009839285714285714,
        "O7": 0.007127443227636288,
        "O8": 0.12939662127536164
      },
      "quad": {
        "F1": 0.00602228612634233,
        "F2": 0.005769288718666386,
        "F3": 0.007127443227636288,
        "F4": -0.00029467417259468196,
        "F5": 0.009839285714285714,
        "O1": 0.04978169537123966,
        "O2": 0.046183346884778,
        "O3": 202.40086243696652,
        "O4": 1.5022340227104688e-05,
        "O5": -0.00029467417259468196,
        "O6": 0.009839285714285714,
        "O7": 0.007127443227636288,
        "O8": 0.12939662127536164
      }
    },
    "S2": {
      "real": {
        "F1": 0.12356870334563284,
        "F2": 0.0006760980756586112,
        "F3": 0.3460862189577249,
        "F4": -0.15717956176140982,
        "F5": 0.06672380952380952,
        "O1": 1.117893957213803,
        "O2": 1.1486599821292456,
        "O3": 10.041146549470712,
        "O4": 0.009081546975805533,
        "O5": -0.15717956176140982,
        "O6": 0.06672380952380952,
        "O7": 0.3460862189577249,
        "O8": 0.9894011466909702
      },
      "single": {
        "F1": 0.12356870334563284,
        "F2": 0.0006760980756586112,
        "F3": 0.3460862189577249,
        "F4": -0.15717956176140982,
        "F5": 0.06672380952380952,
        "O1": 1.117893957213803,
        "O2": 1.1486599821292456,
        "O3": 10.041146549470712,
        "O4": 0.009081546975805533,
        "O5": -0.15717956176140982,
        "O6": 0.06672380952380952,
        "O7": 0.3460862189577249,
        "O8": 0.9894011466909702
      },
      "pair": {
        "F1": 0.12356870334563284,
        "F2": 0.0006760980756586112,
        "F3": 0.3460862189577249,
        "F4": -0.15717956176140982,
        "F5": 0.06672380952380952,
        "O1": 1.117893957213803,
        "O2": 1.1486599821292456,
        "O3": 10.041146549470712,
        "O4": 0.009081546975805533,
        "O5": -0.15717956176140982,
        "O6": 0.06672380952380952,
        "O7": 0.3460862189577249,
        "O8": 0.9894011466909702
      },
      "triple": {
        "F1": 0.12356870334563284,
        "F2": 0.0006760980756586112,
        "F3": 0.3460862189577249,
        "F4": -0.15717956176140982,
        "F5": 0.06672380952380952,
        "O1": 1.117893957213803,
        "O2": 1.1486599821292456,
        "O3": 10.041146549470712,
        "O4": 0.009081546975805533,
        "O5": -0.15717956176140982,
        "O6": 0.06672380952380952,
        "O7": 0.3460862189577249,
        "O8": 0.9894011466909702
      },
      "quad": {
        "F1": 0.12356870334563284,
        "F2": 0.0006760980756586112,
        "F3": 0.3460862189577249,
        "F4": -0.15717956176140982,
        "F5": 0.06672380952380952,
        "O1": 1.117893957213803,
        "O2": 1.1486599821292456,
        "O3": 10.041146549470712,
        "O4": 0.009081546975805533,
        "O5": -0.15717956176140982,
        "O6": 0.06672380952380952,
        "O7": 0.3460862189577249,
        "O8": 0.9894011466909702
      }
    },
    "S3": {
      "real": {
        "F1": 0.05841274815881601,
        "F2": 0.04722993647099155,
        "F3": 0.20513294796805323,
        "F4": -0.05328419689037463,
        "F5": 0.039660714285714285,
        "O1": 0.47956083800987775,
        "O2": 0.4534725790411348,
        "O3": 19.933163942321112,
        "O4": 0.0010672232208157294,
        "O5": -0.05328419689037463,
        "O6": 0.039660714285714285,
        "O7": 0.20513294796805323,
        "O8": 0.7199273980479792
      },
      "single": {
        "F1": 0.05841274815881601,
        "F2": 0.04722993647099155,
        "F3": 0.20513294796805323,
        "F4": -0.05328419689037463,
        "F5": 0.039660714285714285,
        "O1": 0.47956083800987775,
        "O2": 0.4534725790411348,
        "O3": 19.933163942321112,
        "O4": 0.0010672232208157294,
        "O5": -0.05328419689037463,
        "O6": 0.039660714285714285,
        "O7": 0.20513294796805323,
        "O8": 0.7199273980479792
      },
      "pair": {
        "F1": 0.05841274815881601,
        "F2": 0.04722993647099155,
        "F3": 0.20513294796805323,
        "F4": -0.05328419689037463,
        "F5": 0.039660714285714285,
        "O1": 0.47956083800987775,
        "O2": 0.4534725790411348,
        "O3": 19.933163942321112,
        "O4": 0.0010672232208157294,
        "O5": -0.05328419689037463,
        "O6": 0.039660714285714285,
        "O7": 0.20513294796805323,
        "O8": 0.7199273980479792
      },
      "triple": {
        "F1": 0.05841274815881601,
        "F2": 0.04722993647099155,
        "F3": 0.20513294796805323,
        "F4": -0.05328419689037463,
        "F5": 0.039660714285714285,
        "O1": 0.47956083800987775,
        "O2": 0.4534725790411348,
        "O3": 19.933163942321112,
        "O4": 0.0010672232208157294,
        "O5": -0.05328419689037463,
        "O6": 0.039660714285714285,
        "O7": 0.20513294796805323,
        "O8": 0.7199273980479792
      },
      "quad": {
        "F1": 0.05841274815881601,
        "F2": 0.04722993647099155,
        "F3": 0.20513294796805323,
        "F4": -0.05328419689037463,
        "F5": 0.039660714285714285,
        "O1": 0.47956083800987775,
        "O2": 0.4534725790411348,
        "O3": 19.933163942321112,
        "O4": 0.0010672232208157294,
        "O5": -0.05328419689037463,
        "O6": 0.039660714285714285,
        "O7": 0.20513294796805323,
        "O8": 0.7199273980479792
      }
    },
    "S4": {
      "real": {
        "F1": 0.013194908998872962,
        "F2": 0.5793640666496578,
        "F3": 0.02045133532688848,
        "F4": -0.0017984195107762229,
        "F5": 0.010167857142857143,
        "O1": 0.12130707171481363,
        "O2": 0.11999659867844366,
        "O3": 112.82788320650921,
        "O4": 0.0001473432601140578,