{
  "real_auc": 1.0,
  "perm_auc": 0.51326,
  "effect_size": 0.48673999999999995,
  "top_features": [
    0.0,
    0.05,
    0.0,
    0.07,
    0.04,
    0.06,
    0.05,
    0.09,
    0.04,
    0.07,
    0.08,
    0.05,
    0.0,
    0.07,
    0.09,
    0.07,
    0.1,
    0.07
  ],
  "verdict": "REAL_TRANSFERABLE_SIGNAL"
}