{
    "operators": [
        "identity",
        "tanh",
        "relu",
        "softplus",
        "sigmoid"
    ],
    "phi": {
        "identity": {
            "F": 0.07217777777777777,
            "DET": 0.15548029556650247,
            "alpha": 2.2463949114029766
        },
        "tanh": {
            "F": 0.03866666666666667,
            "DET": 0.1471264367816092,
            "alpha": 2.390505875756778
        },
        "relu": {
            "F": 0.07217777777777777,
            "DET": 0.15548029556650247,
            "alpha": 2.2463949114029766
        },
        "softplus": {
            "F": 0.07097777777777778,
            "DET": 0.15028177833437695,
            "alpha": 2.233364066681129
        },
        "sigmoid": {
            "F": 0.050444444444444445,
            "DET": 0.13480176211453745,
            "alpha": 2.36499272911676
        }
    },
    "distance_matrix": [
        [
            0.0,
            0.148191604254363,
            0.0,
            0.014080749112799771,
            0.12233307766084184
        ],
        [
            0.148191604254363,
            0.0,
            0.148191604254363,
            0.1604603136015784,
            0.030684431011621167
        ],
        [
            0.0,
            0.148191604254363,
            0.0,
            0.014080749112799771,
            0.12233307766084184
        ],
        [
            0.014080749112799771,
            0.1604603136015784,
            0.014080749112799771,
            0.0,
            0.134116939476479
        ],
        [
            0.12233307766084184,
            0.030684431011621167,
            0.12233307766084184,
            0.134116939476479,
            0.0
        ]
    ]
}