,TRIBE,hierarchical,correlated,sparse,manifold
TRIBE,0.9999999999999996,0.8300913368438632,0.9152152550211736,0.46361922554500234,0.8291619396279617
hierarchical,0.8300913368438632,1.0,0.98419735417071,0.876990875040395,0.9999980114463651
correlated,0.9152152550211736,0.98419735417071,0.9999999999999999,0.7809620754729569,0.9839124368997959
sparse,0.46361922554500234,0.876990875040395,0.7809620754729569,1.0,0.8778388528065729
manifold,0.8291619396279617,0.9999980114463651,0.9839124368997959,0.8778388528065729,1.0
