System,Growth_Rate,Saturation_Ratio,Compression_Ratio,Peak_D_eff,k_Peak,D_Sat,Final_D_eff,Ambient_Dim
TRIBE,0.23198216546933667,0.9209961791607876,0.49001436529383846,4.410129287644546,200,4.061712223525713,4.061712223525713,9
hierarchical,0.8198512513959539,1.0,0.9069609842415491,45.348049212077456,500,45.348049212077456,45.348049212077456,50
correlated,0.7305681321213726,1.0,0.5583316591527746,27.91658295763873,500,27.91658295763873,27.91658295763873,50
sparse,0.4302291197861066,1.0,0.7476540547946802,37.38270273973401,500,37.38270273973401,37.38270273973401,50
manifold,0.8171578944405581,1.0,0.9002817154248913,45.01408577124457,500,45.01408577124457,45.01408577124457,50
