Dataset,PR_Mean,PR_Std,D_MLE_Mean,D_MLE_Std,D_Corr_Mean,D_Corr_Std,Scaling_Exp,Scaling_Std,Inflection_Mean,Top3_Variance
TRIBE_Full,2.8299346838426267,0.5089315083422786,9.0,0.0,2.1425311912493714,0.3865981000930291,19.8832982385801,11.661762610966212,2.93,0.834144587231808
TRIBE_Split1,2.459252400012503,0.33175679945865194,9.0,0.0,1.4683547852250616,0.5753569855369586,22.040209246641822,10.525242788856573,2.42,0.8805168046257218
TRIBE_Split2,2.4301751053721516,0.3450788979659964,9.0,0.0,1.4367967983573897,0.580560900769958,23.22140846916807,9.666007707792174,2.3475,0.8813523469294638
uniform_sphere,7.739039676502302,0.25607439458847264,9.0,0.0,2.9183652669848477,0.45355390302604437,0.6179817548806171,0.07827509561051729,7.3625,0.4916055584804478
gaussian_cloud,7.747624445687406,0.23989451837805584,9.0,0.0,2.9056638143449014,0.4577818337202565,0.6138423062371261,0.07548760700324399,7.395,0.4910969876664978
sparse,5.865269161159614,0.6162237132645637,9.0,0.0,0.0116857874065165,0.016350912073678364,2.074265124948399,4.398722935627251,5.2875,0.6301490267748825
curved_manifold,7.751789481765697,0.23984890437876943,9.0,0.0,2.944886385728822,0.4786663760033905,0.6126275943781525,0.07891126968179123,7.39,0.4905381961349243
hierarchical,7.73407393847047,0.26305014469744903,9.0,0.0,2.895774759823795,0.4784509981619029,0.6171869118141808,0.08823867423591598,7.38,0.4916886031445788
