{
  "logistic": {
    "lambdas": [
      0.49570888194296614
    ],
    "phi_dyn_max": 0.49570888194296614
  },
  "harmonic": {
    "lambdas": [
      -6.939046559573115e-13,
      -6.940628627383206e-13
    ],
    "phi_dyn_max": -6.939046559573115e-13
  },
  "lorenz": {
    "lambdas": [
      1.0746468462969523,
      -0.1775822248781873,
      -14.566447322245855
    ],
    "phi_dyn_max": 1.0746468462969523
  }
}